,market_name,station_name,dma_code,sinclair_owned,dma_market,start_year,end_year
0,New York,WABC-TV,501,0,New York,,
1,New York,WNBC,501,0,New York,,
2,New York,WNYW,501,0,New York,,
3,New York,WCBS-TV,501,0,New York,,
4,New York,WFTY-DT,501,0,New York,,
5,New York,WFUT-DT,501,0,New York,,
6,New York,WLNY-TV,501,0,New York,,
7,New York,WPXN-TV,501,0,New York,,
8,New York,WTBY-TV,501,0,New York,,
9,New York,WNJU,501,0,New York,,
10,New York,WPIX,501,0,New York,,
11,New York,WWOR-TV,501,0,New York,,
12,New York,WXTV,501,0,New York,,
13,Los Angeles,KABC-TV,803,0,Los Angeles,,
14,Los Angeles,KNBC,803,0,Los Angeles,,
15,Los Angeles,KTTV,803,0,Los Angeles,,
16,Los Angeles,KCBS-TV,803,0,Los Angeles,,
17,Los Angeles,KCAL-TV,803,0,Los Angeles,,
18,Los Angeles,KCOP-TV,803,0,Los Angeles,,
19,Los Angeles,KFTR-DT,803,0,Los Angeles,,
20,Los Angeles,KMEX,803,0,Los Angeles,,
21,Los Angeles,KTLA,803,0,Los Angeles,,
22,Los Angeles,KVEA,803,0,Los Angeles,,
23,Los Angeles,KPXN-TV,803,0,Los Angeles,,
24,Los Angeles,KTBN-TV,803,0,Los Angeles,,
25,Chicago,WLS-TV,602,0,Chicago,,
26,Chicago,WMAQ-TV,602,0,Chicago,,
27,Chicago,WFLD,602,0,Chicago,,
28,Chicago,WBBM-TV,602,0,Chicago,,
29,Chicago,WGBO-DT,602,0,Chicago,,
30,Chicago,WGN-TV,602,0,Chicago,,
31,Chicago,WWTO-TV,602,0,Chicago,,
32,Chicago,WCPX-TV,602,0,Chicago,,
33,Chicago,WPWR-TV,602,0,Chicago,,
34,Chicago,[1]  WSNS-TV,602,0,Chicago,,
35,Chicago,WXFT-DT,602,0,Chicago,,
36,Philadelphia,WPVI-TV,504,0,Philadelphia,,
37,Philadelphia,WCAU,504,0,Philadelphia,,
38,Philadelphia,WTXF-TV,504,0,Philadelphia,,
39,Philadelphia,KYW-TV,504,0,Philadelphia,,
40,Philadelphia,WFPA-CD,504,0,Philadelphia,,
41,Philadelphia,WPHL,504,0,Philadelphia,,
42,Philadelphia,WPSG,504,0,Philadelphia,,
43,Philadelphia,WUVP-DT,504,0,Philadelphia,,
44,Philadelphia,WWSI,504,0,Philadelphia,,
45,Philadelphia,WGTW-TV,504,0,Philadelphia,,
46,Philadelphia,WPPX-TV,504,0,Philadelphia,,
47,Dallas - Fort Worth,WFAA,623,0,Dallas-Ft. Worth,,
48,Dallas - Fort Worth,KXAS-TV,623,0,Dallas-Ft. Worth,,
49,Dallas - Fort Worth,KDFW,623,0,Dallas-Ft. Worth,,
50,Dallas - Fort Worth,KTVT,623,0,Dallas-Ft. Worth,,
51,Dallas - Fort Worth,KDAF,623,0,Dallas-Ft. Worth,,
52,Dallas - Fort Worth,KDFI,623,0,Dallas-Ft. Worth,,
53,Dallas - Fort Worth,KSTR-DT,623,0,Dallas-Ft. Worth,,
54,Dallas - Fort Worth,KTXA,623,0,Dallas-Ft. Worth,,
55,Dallas - Fort Worth,KUVN-DT,623,0,Dallas-Ft. Worth,,
56,Dallas - Fort Worth,KXTX-TV,623,0,Dallas-Ft. Worth,,
57,Dallas - Fort Worth,KPXD-TV,623,0,Dallas-Ft. Worth,,
58,Dallas - Fort Worth,KDTX-TV,623,0,Dallas-Ft. Worth,,
59,Washington ( Hagerstown ),WJLA-TV,511,1,"Washington, DC (Hagrstwn)",2014,
60,Washington ( Hagerstown ),WRC-TV,511,0,"Washington, DC (Hagrstwn)",,
61,Washington ( Hagerstown ),WTTG,511,0,"Washington, DC (Hagrstwn)",,
62,Washington ( Hagerstown ),WUSA,511,0,"Washington, DC (Hagrstwn)",,
63,Washington ( Hagerstown ),WDCA,511,0,"Washington, DC (Hagrstwn)",,
64,Washington ( Hagerstown ),WDCW,511,0,"Washington, DC (Hagrstwn)",,
65,Washington ( Hagerstown ),WDVM-TV,511,0,"Washington, DC (Hagrstwn)",,
66,Washington ( Hagerstown ),WFDC-DT,511,0,"Washington, DC (Hagrstwn)",,
67,Washington ( Hagerstown ),WJAL,511,0,"Washington, DC (Hagrstwn)",,
68,Washington ( Hagerstown ),WMDO-CD,511,0,"Washington, DC (Hagrstwn)",,
69,Washington ( Hagerstown ),WZDC-CD,511,0,"Washington, DC (Hagrstwn)",,
70,Washington ( Hagerstown ),WPXW-TV,511,0,"Washington, DC (Hagrstwn)",,
71,Houston,KTRK-TV,618,0,Houston,,
72,Houston,KPRC-TV,618,0,Houston,,
73,Houston,KRIV,618,0,Houston,,
74,Houston,KHOU,618,0,Houston,,
75,Houston,KFTH-DT,618,0,Houston,,
76,Houston,KIAH,618,0,Houston,,
77,Houston,KXLN-DT,618,0,Houston,,
78,Houston,KTXH,618,0,Houston,,
79,Houston,KTMD,618,0,Houston,,
80,Houston,KPXB-TV,618,0,Houston,,
81,Houston,KETH-TV,618,0,Houston,,
82,San Francisco - Oakland - San Jose,KGO-TV,807,0,San Francisco-Oak-San Jose,,
83,San Francisco - Oakland - San Jose,KNTV,807,0,San Francisco-Oak-San Jose,,
84,San Francisco - Oakland - San Jose,KTVU,807,0,San Francisco-Oak-San Jose,,
85,San Francisco - Oakland - San Jose,KPIX-TV,807,0,San Francisco-Oak-San Jose,,
86,San Francisco - Oakland - San Jose,KBCW,807,0,San Francisco-Oak-San Jose,,
87,San Francisco - Oakland - San Jose,KDTV,807,0,San Francisco-Oak-San Jose,,
88,San Francisco - Oakland - San Jose,KFSF-DT,807,0,San Francisco-Oak-San Jose,,
89,San Francisco - Oakland - San Jose,KICU-TV,807,0,San Francisco-Oak-San Jose,,
90,San Francisco - Oakland - San Jose,KRON-TV,807,0,San Francisco-Oak-San Jose,,
91,San Francisco - Oakland - San Jose,KSTS,807,0,San Francisco-Oak-San Jose,,
92,San Francisco - Oakland - San Jose,KKPX-TV,807,0,San Francisco-Oak-San Jose,,
93,Atlanta,WSB-TV,524,0,Atlanta,,
94,Atlanta,WXIA-TV,524,0,Atlanta,,
95,Atlanta,WAGA-TV,524,0,Atlanta,,
96,Atlanta,WGCL-TV,524,0,Atlanta,,
97,Atlanta,WATL,524,0,Atlanta,,
98,Atlanta,WPCH-TV,524,0,Atlanta,,
99,Atlanta,WUPA,524,0,Atlanta,,
100,Atlanta,WUVG-DT,524,0,Atlanta,,
101,Atlanta,WPXA-TV,524,0,Atlanta,,
102,Atlanta,WHSG-TV,524,0,Atlanta,,
103,Atlanta,WKTB-CD,524,0,Atlanta,,
104,Boston ( Manchester ),WCVB-TV WMUR-TV,506,0,Boston (Manchester),,
105,Boston ( Manchester ),WBTS-LD,506,0,Boston (Manchester),,
106,Boston ( Manchester ),WYCN-CD,506,0,Boston (Manchester),,
107,Boston ( Manchester ),WNEU-DT2,506,0,Boston (Manchester),,
108,Boston ( Manchester ),WMFP-DT5,506,0,Boston (Manchester),,
109,Boston ( Manchester ),WFXT,506,0,Boston (Manchester),,
110,Boston ( Manchester ),WBZ-TV,506,0,Boston (Manchester),,
111,Boston ( Manchester ),WHDH,506,0,Boston (Manchester),,
112,Boston ( Manchester ),WLVI,506,0,Boston (Manchester),,
113,Boston ( Manchester ),WNEU,506,0,Boston (Manchester),,
114,Boston ( Manchester ),WSBK-TV,506,0,Boston (Manchester),,
115,Boston ( Manchester ),WUNI,506,0,Boston (Manchester),,
116,Boston ( Manchester ),WUTF-DT,506,0,Boston (Manchester),,
117,Boston ( Manchester ),WBPX-TV,506,0,Boston (Manchester),,
118,Phoenix ( Prescott ),KNXV-TV,753,0,Phoenix (Prescott),,
119,Phoenix ( Prescott ),KPNX,753,0,Phoenix (Prescott),,
120,Phoenix ( Prescott ),KNAZ-TV,753,0,Phoenix (Prescott),,
121,Phoenix ( Prescott ),KSAZ-TV,753,0,Phoenix (Prescott),,
122,Phoenix ( Prescott ),KPHO-TV,753,0,Phoenix (Prescott),,
123,Phoenix ( Prescott ),KASW,753,0,Phoenix (Prescott),,
124,Phoenix ( Prescott ),KFPH-DT,753,0,Phoenix (Prescott),,
125,Phoenix ( Prescott ),KFPH-CD,753,0,Phoenix (Prescott),,
126,Phoenix ( Prescott ),KUTP,753,0,Phoenix (Prescott),,
127,Phoenix ( Prescott ),KTVK,753,0,Phoenix (Prescott),,
128,Phoenix ( Prescott ),KTVW-DT,753,0,Phoenix (Prescott),,
129,Phoenix ( Prescott ),KTVW-CD,753,0,Phoenix (Prescott),,
130,Phoenix ( Prescott ),KDOS-LD,753,0,Phoenix (Prescott),,
131,Phoenix ( Prescott ),KPAZ-TV,753,0,Phoenix (Prescott),,
132,Phoenix ( Prescott ),KPPX-TV,753,0,Phoenix (Prescott),,
133,Seattle - Tacoma,KOMO-TV,819,1,Seattle-Tacoma,2013,
134,Seattle - Tacoma,KING-TV,819,0,Seattle-Tacoma,,
135,Seattle - Tacoma,KCPQ,819,0,Seattle-Tacoma,,
136,Seattle - Tacoma,KIRO-TV,819,0,Seattle-Tacoma,,
137,Seattle - Tacoma,KONG,819,0,Seattle-Tacoma,,
138,Seattle - Tacoma,KSTW,819,0,Seattle-Tacoma,,
139,Seattle - Tacoma,KUNS-TV,819,1,Seattle-Tacoma,2013,
140,Seattle - Tacoma,KZJO,819,0,Seattle-Tacoma,,
141,Seattle - Tacoma,KTBW-TV,819,0,Seattle-Tacoma,,
142,Seattle - Tacoma,KWPX-TV,819,0,Seattle-Tacoma,,
143,Seattle - Tacoma,K08OU-D,819,0,Seattle-Tacoma,,
144,Tampa - St. Petersburg ( Sarasota ),WFTS-TV WWSB,539,0,Tampa-St. Pete (Sarasota),,
145,Tampa - St. Petersburg ( Sarasota ),WFLA-TV,539,0,Tampa-St. Pete (Sarasota),,
146,Tampa - St. Petersburg ( Sarasota ),WTVT,539,0,Tampa-St. Pete (Sarasota),,
147,Tampa - St. Petersburg ( Sarasota ),WTSP,539,0,Tampa-St. Pete (Sarasota),,
148,Tampa - St. Petersburg ( Sarasota ),WFTT-DT,539,0,Tampa-St. Pete (Sarasota),,
149,Tampa - St. Petersburg ( Sarasota ),WMOR-TV,539,0,Tampa-St. Pete (Sarasota),,
150,Tampa - St. Petersburg ( Sarasota ),WTOG,539,0,Tampa-St. Pete (Sarasota),,
151,Tampa - St. Petersburg ( Sarasota ),WTTA,539,0,Tampa-St. Pete (Sarasota),,
152,Tampa - St. Petersburg ( Sarasota ),WVEA-TV,539,0,Tampa-St. Pete (Sarasota),,
153,Tampa - St. Petersburg ( Sarasota ),WRMD-CD,539,0,Tampa-St. Pete (Sarasota),,
154,Tampa - St. Petersburg ( Sarasota ),WXPX-TV,539,0,Tampa-St. Pete (Sarasota),,
155,Detroit,WXYZ-TV,505,0,Detroit,,
156,Detroit,WDIV-TV,505,0,Detroit,,
157,Detroit,WJBK,505,0,Detroit,,
158,Detroit,WWJ-TV,505,0,Detroit,,
159,Detroit,WKBD-TV,505,0,Detroit,,
160,Detroit,WMYD,505,0,Detroit,,
161,Detroit,WPXD-TV,505,0,Detroit,,
162,Minneapolis - St. Paul,KSTP-TV,613,0,Minneapolis-St. Paul,,
163,Minneapolis - St. Paul,KSAX,613,0,Minneapolis-St. Paul,,
164,Minneapolis - St. Paul,KRWF,613,0,Minneapolis-St. Paul,,
165,Minneapolis - St. Paul,KARE,613,0,Minneapolis-St. Paul,,
166,Minneapolis - St. Paul,KMSP-TV,613,0,Minneapolis-St. Paul,,
167,Minneapolis - St. Paul,WCCO-TV,613,0,Minneapolis-St. Paul,,
168,Minneapolis - St. Paul,KCCW-TV,613,0,Minneapolis-St. Paul,,
169,Minneapolis - St. Paul,KSTC-TV,613,0,Minneapolis-St. Paul,,
170,Minneapolis - St. Paul,WFTC,613,0,Minneapolis-St. Paul,,
171,Minneapolis - St. Paul,KFTC,613,0,Minneapolis-St. Paul,,
172,Minneapolis - St. Paul,WUCW,613,1,Minneapolis-St. Paul,1998,
173,Minneapolis - St. Paul,WUMN-LP,613,0,Minneapolis-St. Paul,,
174,Minneapolis - St. Paul,KPXM-TV,613,0,Minneapolis-St. Paul,,
175,Minneapolis - St. Paul,KJNK-LD,613,0,Minneapolis-St. Paul,,
176,Minneapolis - St. Paul,K33LN-D,613,0,Minneapolis-St. Paul,,
177,Miami - Fort Lauderdale,WPLG,528,0,Miami-Ft. Lauderdale,,
178,Miami - Fort Lauderdale,WTVJ,528,0,Miami-Ft. Lauderdale,,
179,Miami - Fort Lauderdale,WSVN,528,0,Miami-Ft. Lauderdale,,
180,Miami - Fort Lauderdale,WFOR-TV,528,0,Miami-Ft. Lauderdale,,
181,Miami - Fort Lauderdale,WAMI-DT,528,0,Miami-Ft. Lauderdale,,
182,Miami - Fort Lauderdale,WBFS-TV,528,0,Miami-Ft. Lauderdale,,
183,Miami - Fort Lauderdale,WLTV-DT,528,0,Miami-Ft. Lauderdale,,
184,Miami - Fort Lauderdale,WSCV,528,0,Miami-Ft. Lauderdale,,
185,Miami - Fort Lauderdale,WSFL-TV,528,0,Miami-Ft. Lauderdale,,
186,Miami - Fort Lauderdale,WPXM-TV,528,0,Miami-Ft. Lauderdale,,
187,Miami - Fort Lauderdale,WHFT-TV,528,0,Miami-Ft. Lauderdale,,
188,Denver,KMGH-TV,751,0,Denver,,
189,Denver,KUSA,751,0,Denver,,
190,Denver,KDVR,751,0,Denver,,
191,Denver,KFCT,751,0,Denver,,
192,Denver,KCNC-TV,751,0,Denver,,
193,Denver,KTVD,751,0,Denver,,
194,Denver,KWGN-TV,751,0,Denver,,
195,Denver,KZCO-LD,751,0,Denver,,
196,Denver,KZFC-LP,751,0,Denver,,
197,Denver,KPXC-TV,751,0,Denver,,
198,Denver,KPJR-TV,751,0,Denver,,
199,Denver,KCEC-TV,751,0,Denver,,
200,Denver,KTFD-TV,751,0,Denver,,
201,Orlando - Daytona Beach - Melbourne,WFTV,534,0,Orlando-Daytona Bch-Melbrn,,
202,Orlando - Daytona Beach - Melbourne,WESH,534,0,Orlando-Daytona Bch-Melbrn,,
203,Orlando - Daytona Beach - Melbourne,WOFL,534,0,Orlando-Daytona Bch-Melbrn,,
204,Orlando - Daytona Beach - Melbourne,WKMG-TV,534,0,Orlando-Daytona Bch-Melbrn,,
205,Orlando - Daytona Beach - Melbourne,WKCF,534,0,Orlando-Daytona Bch-Melbrn,,
206,Orlando - Daytona Beach - Melbourne,WRBW,534,0,Orlando-Daytona Bch-Melbrn,,
207,Orlando - Daytona Beach - Melbourne,WRDQ,534,0,Orlando-Daytona Bch-Melbrn,,
208,Orlando - Daytona Beach - Melbourne,WHLV-TV,534,0,Orlando-Daytona Bch-Melbrn,,
209,Orlando - Daytona Beach - Melbourne,WOPX-TV,534,0,Orlando-Daytona Bch-Melbrn,,
210,Orlando - Daytona Beach - Melbourne,WVEN-TV,534,0,Orlando-Daytona Bch-Melbrn,,
211,Orlando - Daytona Beach - Melbourne,WOTF-TV,534,0,Orlando-Daytona Bch-Melbrn,,
212,Orlando - Daytona Beach - Melbourne,W32DJ-D,534,0,Orlando-Daytona Bch-Melbrn,,
213,Cleveland - Akron ( Canton ),WEWS-TV,510,0,Cleveland-Akron (Canton),,
214,Cleveland - Akron ( Canton ),WKYC,510,0,Cleveland-Akron (Canton),,
215,Cleveland - Akron ( Canton ),WJW,510,0,Cleveland-Akron (Canton),,
216,Cleveland - Akron ( Canton ),WOIO,510,0,Cleveland-Akron (Canton),,
217,Cleveland - Akron ( Canton ),WBNX-TV,510,0,Cleveland-Akron (Canton),,
218,Cleveland - Akron ( Canton ),WUAB,510,0,Cleveland-Akron (Canton),,
219,Cleveland - Akron ( Canton ),WQHS-DT,510,0,Cleveland-Akron (Canton),,
220,Cleveland - Akron ( Canton ),WVPX-TV,510,0,Cleveland-Akron (Canton),,
221,Cleveland - Akron ( Canton ),WDLI-TV,510,0,Cleveland-Akron (Canton),,
222,Cleveland - Akron ( Canton ),WQDI-LD,510,0,Cleveland-Akron (Canton),,
223,Sacramento - Stockton - Modesto,KXTV,862,0,Sacramnto-Stkton-Modesto,,
224,Sacramento - Stockton - Modesto,KCRA-TV,862,0,Sacramnto-Stkton-Modesto,,
225,Sacramento - Stockton - Modesto,KTXL,862,0,Sacramnto-Stkton-Modesto,,
226,Sacramento - Stockton - Modesto,KOVR,862,0,Sacramnto-Stkton-Modesto,,
227,Sacramento - Stockton - Modesto,KMAX-TV,862,0,Sacramnto-Stkton-Modesto,,
228,Sacramento - Stockton - Modesto,KQCA,862,0,Sacramnto-Stkton-Modesto,,
229,Sacramento - Stockton - Modesto,KUVS-DT,862,0,Sacramnto-Stkton-Modesto,,
230,Sacramento - Stockton - Modesto,KCSO-LD,862,0,Sacramnto-Stkton-Modesto,,
231,Sacramento - Stockton - Modesto,KSPX,862,0,Sacramnto-Stkton-Modesto,,
232,Sacramento - Stockton - Modesto,K20JX-D,862,0,Sacramnto-Stkton-Modesto,,
233,St. Louis,KDNL-TV,609,1,St. Louis,1997,
234,St. Louis,KSDK,609,0,St. Louis,,
235,St. Louis,KTVI,609,0,St. Louis,,
236,St. Louis,KMOV,609,0,St. Louis,,
237,St. Louis,KPLR-TV,609,0,St. Louis,,
238,St. Louis,WRBU,609,0,St. Louis,,
239,St. Louis,K25NG-D,609,0,St. Louis,,
240,"Portland, OR",KATU,820,1,"Portland, OR",2013,
241,"Portland, OR",KGW,820,0,"Portland, OR",,
242,"Portland, OR",KPTV,820,0,"Portland, OR",,
243,"Portland, OR",KOIN,820,0,"Portland, OR",,
244,"Portland, OR",KPDX,820,0,"Portland, OR",,
245,"Portland, OR",KRCW-TV,820,0,"Portland, OR",,
246,"Portland, OR",KUNP,820,1,"Portland, OR",2013,
247,"Portland, OR",KPXG,820,0,"Portland, OR",,
248,"Portland, OR",KNMT,820,0,"Portland, OR",,
249,Charlotte,WSOC-TV,517,0,Charlotte,,
250,Charlotte,WCNC-TV,517,0,Charlotte,,
251,Charlotte,WJZY,517,0,Charlotte,,
252,Charlotte,WBTV,517,0,Charlotte,,
253,Charlotte,WAXN-TV,517,0,Charlotte,,
254,Charlotte,WCCB,517,0,Charlotte,,
255,Charlotte,WMYT-TV,517,0,Charlotte,,
256,Pittsburgh,WTAE-TV,508,0,Pittsburgh,,
257,Pittsburgh,WPXI,508,0,Pittsburgh,,
258,Pittsburgh,WPGH-TV,508,1,Pittsburgh,1991,
259,Pittsburgh,KDKA-TV,508,0,Pittsburgh,,
260,Pittsburgh,WPCW,508,0,Pittsburgh,,
261,Pittsburgh,WPNT,508,1,Pittsburgh,2000,
262,Pittsburgh,WINP-TV,508,0,Pittsburgh,,
263,Raleigh - Durham ( Fayetteville ),WTVD,560,0,Raleigh-Durham (Fayetvlle),,
264,Raleigh - Durham ( Fayetteville ),WRAL-TV,560,0,Raleigh-Durham (Fayetvlle),,
265,Raleigh - Durham ( Fayetteville ),WRAZ,560,0,Raleigh-Durham (Fayetvlle),,
266,Raleigh - Durham ( Fayetteville ),WNCN,560,0,Raleigh-Durham (Fayetvlle),,
267,Raleigh - Durham ( Fayetteville ),WLFL-TV,560,0,Raleigh-Durham (Fayetvlle),,
268,Raleigh - Durham ( Fayetteville ),WRDC-TV,560,0,Raleigh-Durham (Fayetvlle),,
269,Raleigh - Durham ( Fayetteville ),WUVC-DT,560,0,Raleigh-Durham (Fayetvlle),,
270,Raleigh - Durham ( Fayetteville ),WRPX-TV,560,0,Raleigh-Durham (Fayetvlle),,
271,Baltimore,WMAR-TV,512,0,Baltimore,,
272,Baltimore,WBAL-TV,512,0,Baltimore,,
273,Baltimore,WBFF,512,1,Baltimore,1971,
274,Baltimore,WJZ-TV,512,0,Baltimore,,
275,Baltimore,WNUV,512,1,Baltimore,1994,
276,Baltimore,WUTB,512,1,Baltimore,2013,
277,Nashville,WKRN-TV,659,0,Nashville,,
278,Nashville,WSMV-TV,659,0,Nashville,,
279,Nashville,WZTV,659,1,Nashville,1994,
280,Nashville,WTVF,659,0,Nashville,,
281,Nashville,WNAB,659,1,Nashville,12,
282,Nashville,WUXP-TV,659,0,Nashville,,
283,Nashville,WNPX-TV,659,0,Nashville,,
284,Nashville,WPGD,659,0,Nashville,,
285,Nashville,WLLC-LP,659,0,Nashville,,
286,Nashville,WJNK-LD,659,0,Nashville,,
287,Indianapolis,WRTV,527,0,Indianapolis,,
288,Indianapolis,WTHR,527,0,Indianapolis,,
289,Indianapolis,WXIN,527,0,Indianapolis,,
290,Indianapolis,WTTV,527,0,Indianapolis,,
291,Indianapolis,WTTK,527,0,Indianapolis,,
292,Indianapolis,WALV-CD,527,0,Indianapolis,,
293,Indianapolis,WISH-TV,527,0,Indianapolis,,
294,Indianapolis,WDNI-CD,527,0,Indianapolis,,
295,Indianapolis,WNDY-TV,527,0,Indianapolis,,
296,Indianapolis,WHMB-TV,527,0,Indianapolis,,
297,Indianapolis,WCLJ-TV,527,0,Indianapolis,,
298,Indianapolis,WIPX-TV,527,0,Indianapolis,,
299,Indianapolis,WBXI-CD,527,0,Indianapolis,,
300,Indianapolis,WUDZ-LD,527,0,Indianapolis,,
301,San Diego,KGTV,825,0,San Diego,,
302,San Diego,KNSD,825,0,San Diego,,
303,San Diego,KSWB-TV,825,0,San Diego,,
304,San Diego,KFMB-TV,825,0,San Diego,,
305,San Diego,KBNT-CD,825,0,San Diego,,
306,San Diego,KDTF-LD,825,0,San Diego,,
307,San Diego,KUSI-TV,825,0,San Diego,,
308,San Diego,KZSD-LP,825,0,San Diego,,
309,San Diego,XHAS-TDT,825,0,San Diego,,
310,San Diego,XHDTV-TDT,825,0,San Diego,,
311,Salt Lake City,KTVX,770,0,Salt Lake City,,
312,Salt Lake City,KSL-TV,770,0,Salt Lake City,,
313,Salt Lake City,KSTU,770,0,Salt Lake City,,
314,Salt Lake City,KUTV,770,1,Salt Lake City,2012,
315,Salt Lake City,KJZZ-TV,770,1,Salt Lake City,2016,
316,Salt Lake City,KMYU,770,1,Salt Lake City,2012,
317,Salt Lake City,KUCW,770,0,Salt Lake City,,
318,Salt Lake City,KUPX-TV,770,0,Salt Lake City,,
319,Salt Lake City,KUTH-DT,770,0,Salt Lake City,,
320,Salt Lake City,KTMW,770,0,Salt Lake City,,
321,Salt Lake City,KULX-CD,770,0,Salt Lake City,,
322,Salt Lake City,KPNZ,770,0,Salt Lake City,,
323,Salt Lake City,KSVN-CD,770,0,Salt Lake City,,
324,Salt Lake City,KUCL-LD,770,0,Salt Lake City,,
325,San Antonio,KSAT-TV,641,0,San Antonio,,
326,San Antonio,WOAI-TV,641,1,San Antonio,2012,
327,San Antonio,KABB,641,1,San Antonio,1997,
328,San Antonio,KENS,641,0,San Antonio,,
329,San Antonio,KCWX,641,0,San Antonio,,
330,San Antonio,KMYS,641,1,San Antonio,2001,
331,San Antonio,KWEX-DT,641,0,San Antonio,,
332,San Antonio,KNIC-DT,641,0,San Antonio,,
333,San Antonio,KVDA,641,0,San Antonio,,
334,San Antonio,KPXL-TV,641,0,San Antonio,,
335,San Antonio,KHCE-TV,641,0,San Antonio,,
336,San Antonio,K27LP-D,641,0,San Antonio,,
337,Hartford & New Haven,WTNH,533,0,Hartford & New Haven,,
338,Hartford & New Haven,WVIT,533,0,Hartford & New Haven,,
339,Hartford & New Haven,WTIC-TV,533,0,Hartford & New Haven,,
340,Hartford & New Haven,WFSB,533,0,Hartford & New Haven,,
341,Hartford & New Haven,WCCT-TV,533,0,Hartford & New Haven,,
342,Hartford & New Haven,WCTX,533,0,Hartford & New Haven,,
343,Hartford & New Haven,WRDM-CD,533,0,Hartford & New Haven,,
344,Kansas City,KMBC-TV,616,0,Kansas City,,
345,Kansas City,KSHB-TV,616,0,Kansas City,,
346,Kansas City,WDAF-TV,616,0,Kansas City,,
347,Kansas City,KCTV,616,0,Kansas City,,
348,Kansas City,KCWE,616,0,Kansas City,,
349,Kansas City,KMCI-TV,616,0,Kansas City,,
350,Kansas City,KSMO-TV,616,0,Kansas City,,
351,Kansas City,KPXE-TV,616,0,Kansas City,,
352,Kansas City,KTAJ-TV,616,0,Kansas City,,
353,Kansas City,KUKC-LD,616,0,Kansas City,,
354,"Columbus, OH",WSYX,535,1,"Columbus, OH",1997,
355,"Columbus, OH",WCMH-TV,535,0,"Columbus, OH",,
356,"Columbus, OH",WTTE,535,1,"Columbus, OH",1984,
357,"Columbus, OH",WBNS-TV,535,0,"Columbus, OH",,
358,"Columbus, OH",WWHO,535,1,"Columbus, OH",2011,
359,"Columbus, OH",WDEM-CD,535,0,"Columbus, OH",,
360,"Columbus, OH",WSFJ-TV,535,0,"Columbus, OH",,
361,Cincinnati,WCPO-TV,515,0,Cincinnati,,
362,Cincinnati,WLWT,515,0,Cincinnati,,
363,Cincinnati,WXIX-TV,515,0,Cincinnati,,
364,Cincinnati,WKRC-TV,515,1,Cincinnati,2012,
365,Cincinnati,WSTR-TV,515,1,Cincinnati,1995,
366,Cincinnati,WBQC-LD,515,0,Cincinnati,,
367,Cincinnati,WKOI-TV,515,0,Cincinnati,,
368,Milwaukee,WISN-TV,617,0,Milwaukee,,
369,Milwaukee,WTMJ-TV,617,0,Milwaukee,,
370,Milwaukee,WITI,617,0,Milwaukee,,
371,Milwaukee,WDJT-TV,617,0,Milwaukee,,
372,Milwaukee,WBME-CD,617,0,Milwaukee,,
373,Milwaukee,WMLW-TV,617,0,Milwaukee,,
374,Milwaukee,WVTV,617,1,Milwaukee,2000,
375,Milwaukee,WYTU-LD,617,0,Milwaukee,,
376,Milwaukee,WPXE-TV,617,0,Milwaukee,,
377,Milwaukee,WWRS-TV,617,0,Milwaukee,,
378,West Palm Beach - Fort Pierce,WPBF,548,0,West Palm Beach-Ft. Pierce,,
379,West Palm Beach - Fort Pierce,WPTV-TV,548,0,West Palm Beach-Ft. Pierce,,
380,West Palm Beach - Fort Pierce,WFLX,548,0,West Palm Beach-Ft. Pierce,,
381,West Palm Beach - Fort Pierce,WPEC,548,1,West Palm Beach-Ft. Pierce,2012,
382,West Palm Beach - Fort Pierce,WTVX,548,1,West Palm Beach-Ft. Pierce,2012,
383,West Palm Beach - Fort Pierce,WTCN-CA,548,1,West Palm Beach-Ft. Pierce,2012,
384,West Palm Beach - Fort Pierce,WWHB-CA,548,1,West Palm Beach-Ft. Pierce,2012,
385,West Palm Beach - Fort Pierce,WTCE-TV,548,0,West Palm Beach-Ft. Pierce,,
386,West Palm Beach - Fort Pierce,WPXP-TV,548,0,West Palm Beach-Ft. Pierce,,
387,West Palm Beach - Fort Pierce,WXOD-LD,548,0,West Palm Beach-Ft. Pierce,,
388,Greenville - Spartanburg - Asheville - Anderson,WLOS,567,1,Greenvll-Spart-Ashevll-And,1997,
389,Greenville - Spartanburg - Asheville - Anderson,WYFF,567,0,Greenvll-Spart-Ashevll-And,,
390,Greenville - Spartanburg - Asheville - Anderson,WHNS,567,0,Greenvll-Spart-Ashevll-And,,
391,Greenville - Spartanburg - Asheville - Anderson,WSPA-TV,567,0,Greenvll-Spart-Ashevll-And,,
392,Greenville - Spartanburg - Asheville - Anderson,WMYA-TV,567,1,Greenvll-Spart-Ashevll-And,1997,
393,Greenville - Spartanburg - Asheville - Anderson,WYCW,567,0,Greenvll-Spart-Ashevll-And,,
394,Austin,KVUE,635,0,Austin,,
395,Austin,KXAN-TV,635,0,Austin,,
396,Austin,KTBC,635,0,Austin,,
397,Austin,KEYE-TV,635,1,Austin,2012,
398,Austin,KBVO,635,0,Austin,,
399,Austin,KNVA,635,0,Austin,,
400,Las Vegas,KTNV-TV,839,0,Las Vegas,,
401,Las Vegas,KSNV,839,1,Las Vegas,1997,
402,Las Vegas,KVVU-TV,839,0,Las Vegas,,
403,Las Vegas,KLAS-TV,839,0,Las Vegas,,
404,Las Vegas,KVCW,839,1,Las Vegas,2000,
405,Las Vegas,KEEN-CD,839,0,Las Vegas,,
406,Las Vegas,KINC-TV,839,0,Las Vegas,,
407,Las Vegas,KBLR-TV,839,0,Las Vegas,,
408,Las Vegas,K43FO-D,839,0,Las Vegas,,
409,Oklahoma City,KOCO-TV,650,0,Oklahoma City,,
410,Oklahoma City,KFOR-TV,650,0,Oklahoma City,,
411,Oklahoma City,KOKH-TV,650,1,Oklahoma City,2003,
412,Oklahoma City,KWTV-DT,650,0,Oklahoma City,,
413,Oklahoma City,KAUT-TV,650,0,Oklahoma City,,
414,Oklahoma City,KOCB,650,1,Oklahoma City,1996,
415,Oklahoma City,KSBI-TV,650,0,Oklahoma City,,
416,Oklahoma City,KTBO-TV,650,0,Oklahoma City,,
417,Oklahoma City,KOPX-TV,650,0,Oklahoma City,,
418,Oklahoma City,KTUZ-TV,650,0,Oklahoma City,,
419,Oklahoma City,KUOT-CD,650,0,Oklahoma City,,
420,Jacksonville,WJXX,561,0,Jacksonville,,
421,Jacksonville,WTLV,561,0,Jacksonville,,
422,Jacksonville,WFOX-TV,561,0,Jacksonville,,
423,Jacksonville,WJAX-TV,561,0,Jacksonville,,
424,Jacksonville,WJXT,561,0,Jacksonville,,
425,Jacksonville,WCWJ,561,0,Jacksonville,,
426,Jacksonville,WPXC-TV,561,0,Jacksonville,,
427,Jacksonville,WUJX-LD,561,0,Jacksonville,,
428,Jacksonville,WKBJ-LD,561,0,Jacksonville,,
429,Grand Rapids - Kalamazoo - Battle Creek,WOTV WZZM,563,0,Grand Rapids-Kalmzoo-B.Crk,,
430,Grand Rapids - Kalamazoo - Battle Creek,WOOD-TV,563,0,Grand Rapids-Kalmzoo-B.Crk,,
431,Grand Rapids - Kalamazoo - Battle Creek,WXMI,563,0,Grand Rapids-Kalmzoo-B.Crk,,
432,Grand Rapids - Kalamazoo - Battle Creek,WWMT,563,1,Grand Rapids-Kalmzoo-B.Crk,2012,
433,Grand Rapids - Kalamazoo - Battle Creek,WXSP-CD,563,0,Grand Rapids-Kalmzoo-B.Crk,,
434,Birmingham ( Anniston & Tuscaloosa ),WBMA-LD,630,1,Birmingham (Ann and Tusc),2014,
435,Birmingham ( Anniston & Tuscaloosa ),WVTM-TV,630,0,Birmingham (Ann and Tusc),,
436,Birmingham ( Anniston & Tuscaloosa ),WBRC,630,0,Birmingham (Ann and Tusc),,
437,Birmingham ( Anniston & Tuscaloosa ),WIAT,630,0,Birmingham (Ann and Tusc),,
438,Birmingham ( Anniston & Tuscaloosa ),WTTO,630,1,Birmingham (Ann and Tusc),1995,
439,Birmingham ( Anniston & Tuscaloosa ),WDBB,630,1,Birmingham (Ann and Tusc),1995,
440,Birmingham ( Anniston & Tuscaloosa ),WABM,630,1,Birmingham (Ann and Tusc),2001,
441,Harrisburg - Lancaster - Lebanon - York,WHTM-TV,566,0,Harrisburg-Lncstr-Leb-York,,
442,Harrisburg - Lancaster - Lebanon - York,WGAL,566,0,Harrisburg-Lncstr-Leb-York,,
443,Harrisburg - Lancaster - Lebanon - York,WPMT,566,0,Harrisburg-Lncstr-Leb-York,,
444,Harrisburg - Lancaster - Lebanon - York,WHP-TV,566,1,Harrisburg-Lncstr-Leb-York,2012,
445,Albuquerque - Santa Fe,KOAT-TV,790,0,Albuquerque-Santa Fe,,
446,Albuquerque - Santa Fe,KOCT,790,0,Albuquerque-Santa Fe,,
447,Albuquerque - Santa Fe,KOFT,790,0,Albuquerque-Santa Fe,,
448,Albuquerque - Santa Fe,KOVT,790,0,Albuquerque-Santa Fe,,
449,Albuquerque - Santa Fe,KOB,790,0,Albuquerque-Santa Fe,,
450,Albuquerque - Santa Fe,KOBF,790,0,Albuquerque-Santa Fe,,
451,Albuquerque - Santa Fe,KOBR,790,0,Albuquerque-Santa Fe,,
452,Albuquerque - Santa Fe,KRQE-DT2,790,0,Albuquerque-Santa Fe,,
453,Albuquerque - Santa Fe,KBIM-DT2,790,0,Albuquerque-Santa Fe,,
454,Albuquerque - Santa Fe,KREZ-DT2,790,0,Albuquerque-Santa Fe,,
455,Albuquerque - Santa Fe,KRQE,790,0,Albuquerque-Santa Fe,,
456,Albuquerque - Santa Fe,KBIM-TV,790,0,Albuquerque-Santa Fe,,
457,Albuquerque - Santa Fe,KREZ-TV,790,0,Albuquerque-Santa Fe,,
458,Albuquerque - Santa Fe,KASY,790,0,Albuquerque-Santa Fe,,
459,Albuquerque - Santa Fe,KWBQ,790,0,Albuquerque-Santa Fe,,
460,Albuquerque - Santa Fe,KRWB-TV,790,0,Albuquerque-Santa Fe,,
461,Norfolk - Portsmouth - Newport News,WVEC,544,0,Norfolk-Portsmth-Newpt Nws,,
462,Norfolk - Portsmouth - Newport News,WAVY-TV,544,0,Norfolk-Portsmth-Newpt Nws,,
463,Norfolk - Portsmouth - Newport News,WVBT,544,0,Norfolk-Portsmth-Newpt Nws,,
464,Norfolk - Portsmouth - Newport News,WTKR,544,0,Norfolk-Portsmth-Newpt Nws,,
465,Norfolk - Portsmouth - Newport News,WGNT,544,0,Norfolk-Portsmth-Newpt Nws,,
466,Norfolk - Portsmouth - Newport News,WTVZ-TV,544,1,Norfolk-Portsmth-Newpt Nws,1996,
467,Greensboro - High Point - Winston-Salem,WXLV-TV,518,1,Greensboro-H.Point-W.Salem,1996,
468,Greensboro - High Point - Winston-Salem,WXII-TV,518,0,Greensboro-H.Point-W.Salem,,
469,Greensboro - High Point - Winston-Salem,WGHP,518,0,Greensboro-H.Point-W.Salem,,
470,Greensboro - High Point - Winston-Salem,WFMY-TV,518,0,Greensboro-H.Point-W.Salem,,
471,Greensboro - High Point - Winston-Salem,WCWG,518,0,Greensboro-H.Point-W.Salem,,
472,Greensboro - High Point - Winston-Salem,WMYV,518,1,Greensboro-H.Point-W.Salem,2001,
473,Louisville,WHAS-TV,529,0,Louisville,,
474,Louisville,WAVE,529,0,Louisville,,
475,Louisville,WDRB,529,0,Louisville,,
476,Louisville,WLKY,529,0,Louisville,,
477,Louisville,WBKI,529,0,Louisville,,
478,Memphis,WATN-TV,640,0,Memphis,,
479,Memphis,WMC-TV,640,0,Memphis,,
480,Memphis,WHBQ-TV,640,0,Memphis,,
481,Memphis,WREG-TV,640,0,Memphis,,
482,Memphis,WLMT,640,0,Memphis,,
483,New Orleans,WGNO,622,0,New Orleans,,
484,New Orleans,WDSU,622,0,New Orleans,,
485,New Orleans,WVUE-DT,622,0,New Orleans,,
486,New Orleans,WWL-TV,622,0,New Orleans,,
487,New Orleans,WNOL-TV,622,0,New Orleans,,
488,New Orleans,WUPL,622,0,New Orleans,,
489,New Orleans,WHNO,622,0,New Orleans,,
490,New Orleans,WPXL,622,0,New Orleans,,
491,New Orleans,KGLA-TV,622,0,New Orleans,,
492,Providence - New Bedford,WLNE-TV,521,0,Providence-New Bedford,,
493,Providence - New Bedford,WJAR,521,1,Providence-New Bedford,2014,
494,Providence - New Bedford,WNAC-TV,521,0,Providence-New Bedford,,
495,Providence - New Bedford,WPRI-TV,521,0,Providence-New Bedford,,
496,Buffalo,WKBW-TV,514,0,Buffalo,,
497,Buffalo,WGRZ,514,0,Buffalo,,
498,Buffalo,WUTV,514,1,Buffalo,1996,
499,Buffalo,WIVB-TV,514,0,Buffalo,,
500,Buffalo,WNLO,514,0,Buffalo,,
501,Buffalo,WNYO-TV,514,1,Buffalo,2001,
502,Fresno - Visalia,KFSN-TV,866,0,Fresno-Visalia,,
503,Fresno - Visalia,KSEE,866,0,Fresno-Visalia,,
504,Fresno - Visalia,KMPH-TV,866,1,Fresno-Visalia,2013,
505,Fresno - Visalia,KGPE,866,0,Fresno-Visalia,,
506,Fresno - Visalia,KAIL,866,0,Fresno-Visalia,,
507,Fresno - Visalia,KFRE-TV,866,1,Fresno-Visalia,2013,
508,Richmond - Petersburg,WRIC-TV,556,0,Richmond-Petersburg,,
509,Richmond - Petersburg,WWBT,556,0,Richmond-Petersburg,,
510,Richmond - Petersburg,WRLH-TV,556,1,Richmond-Petersburg,1998,
511,Richmond - Petersburg,WTVR-TV,556,0,Richmond-Petersburg,,
512,Richmond - Petersburg,WUPV,556,0,Richmond-Petersburg,,
513,Fort Myers - Naples,WZVN-TV,571,0,Ft. Myers-Naples,,
514,Fort Myers - Naples,WBBH-TV,571,0,Ft. Myers-Naples,,
515,Fort Myers - Naples,WFTX-TV,571,0,Ft. Myers-Naples,,
516,Fort Myers - Naples,WINK-TV,571,0,Ft. Myers-Naples,,
517,Fort Myers - Naples,WXCW,571,0,Ft. Myers-Naples,,
518,Wilkes Barre - Scranton - Hazleton,WNEP-TV,577,0,Wilkes Barre-Scranton-Hztn,,
519,Wilkes Barre - Scranton - Hazleton,WBRE-TV,577,0,Wilkes Barre-Scranton-Hztn,,
520,Wilkes Barre - Scranton - Hazleton,WOLF-TV,577,1,Wilkes Barre-Scranton-Hztn,2014,
521,Wilkes Barre - Scranton - Hazleton,WYOU,577,0,Wilkes Barre-Scranton-Hztn,,
522,Wilkes Barre - Scranton - Hazleton,WQMY,577,1,Wilkes Barre-Scranton-Hztn,2014,
523,Wilkes Barre - Scranton - Hazleton,WSWB,577,1,Wilkes Barre-Scranton-Hztn,2014,
524,Little Rock - Pine Bluff,KATV,693,1,Little Rock-Pine Bluff,2014,
525,Little Rock - Pine Bluff,KARK-TV,693,0,Little Rock-Pine Bluff,,
526,Little Rock - Pine Bluff,KLRT-TV,693,0,Little Rock-Pine Bluff,,
527,Little Rock - Pine Bluff,KTHV,693,0,Little Rock-Pine Bluff,,
528,Little Rock - Pine Bluff,KARZ-TV,693,0,Little Rock-Pine Bluff,,
529,Little Rock - Pine Bluff,KASN,693,0,Little Rock-Pine Bluff,,
530,Mobile - Pensacola - Navarre,WEAR-TV,686,1,Mobile-Pensacola (Ft Walt),1997,
531,Mobile - Pensacola - Navarre,WPMI-TV,686,1,Mobile-Pensacola (Ft Walt),2012,
532,Mobile - Pensacola - Navarre,WALA-TV,686,0,Mobile-Pensacola (Ft Walt),,
533,Mobile - Pensacola - Navarre,WKRG-TV,686,0,Mobile-Pensacola (Ft Walt),,
534,Mobile - Pensacola - Navarre,WFGX,686,1,Mobile-Pensacola (Ft Walt),2001,
535,Mobile - Pensacola - Navarre,WFNA,686,0,Mobile-Pensacola (Ft Walt),,
536,Mobile - Pensacola - Navarre,WJTC,686,1,Mobile-Pensacola (Ft Walt),2012,
537,Albany - Schenectady - Troy,WTEN,532,0,Albany-Schenectady-Troy,,
538,Albany - Schenectady - Troy,WNYT,532,0,Albany-Schenectady-Troy,,
539,Albany - Schenectady - Troy,WXXA,532,0,Albany-Schenectady-Troy,,
540,Albany - Schenectady - Troy,WRGB,532,1,Albany-Schenectady-Troy,2012,
541,Albany - Schenectady - Troy,WCWN,532,1,Albany-Schenectady-Troy,2012,
542,Albany - Schenectady - Troy,WNYA,532,0,Albany-Schenectady-Troy,,
543,Knoxville,WATE-TV,557,0,Knoxville,,
544,Knoxville,WBIR-TV,557,0,Knoxville,,
545,Knoxville,WTNZ,557,0,Knoxville,,
546,Knoxville,WVLT-TV,557,0,Knoxville,,
547,Knoxville,WBXX-TV,557,0,Knoxville,,
548,Tulsa,KTUL,671,1,Tulsa,2014,
549,Tulsa,KJRH-TV,671,0,Tulsa,,
550,Tulsa,KOKI-TV,671,0,Tulsa,,
551,Tulsa,KOTV-DT,671,0,Tulsa,,
552,Tulsa,KMYT-TV,671,0,Tulsa,,
553,Tulsa,KQCW-DT,671,0,Tulsa,,
554,Tulsa,KWHB,671,0,Tulsa,,
555,Tulsa,KDOR-TV,671,0,Tulsa,,
556,Tulsa,KUTU-CD,671,0,Tulsa,,
557,Tulsa,KTPX-TV,671,0,Tulsa,,
558,Lexington,WTVQ-DT,541,0,Lexington,,
559,Lexington,WLEX-TV,541,0,Lexington,,
560,Lexington,WDKY-TV,541,1,Lexington,2001,
561,Lexington,WKYT-TV WYMT-TV,541,0,Lexington,,
562,Lexington,WUPX-TV,541,0,Lexington,,
563,Dayton,WKEF,542,1,Dayton,1998,
564,Dayton,WDTN,542,0,Dayton,,
565,Dayton,WRGT-TV,542,1,Dayton,2001,
566,Dayton,WHIO-TV,542,0,Dayton,,
567,Dayton,WBDT,542,0,Dayton,,
568,Tucson ( Sierra Vista ),KGUN-TV,789,0,Tucson (Sierra Vista),,
569,Tucson ( Sierra Vista ),KVOA,789,0,Tucson (Sierra Vista),,
570,Tucson ( Sierra Vista ),KMSB,789,0,Tucson (Sierra Vista),,
571,Tucson ( Sierra Vista ),KOLD-TV,789,0,Tucson (Sierra Vista),,
572,Tucson ( Sierra Vista ),KFTU-DT,789,0,Tucson (Sierra Vista),,
573,Tucson ( Sierra Vista ),KFTU-CD,789,0,Tucson (Sierra Vista),,
574,Tucson ( Sierra Vista ),KTTU,789,0,Tucson (Sierra Vista),,
575,Tucson ( Sierra Vista ),KUVE-DT,789,0,Tucson (Sierra Vista),,
576,Tucson ( Sierra Vista ),KUVE-CD,789,0,Tucson (Sierra Vista),,
577,Tucson ( Sierra Vista ),KWBA-TV,789,0,Tucson (Sierra Vista),,
578,Honolulu,KITV,744,0,Honolulu,,
579,Honolulu,KHVO,744,0,Honolulu,,
580,Honolulu,KMAU,744,0,Honolulu,,
581,Honolulu,KHNL,744,0,Honolulu,,
582,Honolulu,KHBC,744,0,Honolulu,,
583,Honolulu,KOGG,744,0,Honolulu,,
584,Honolulu,KHON-TV,744,0,Honolulu,,
585,Honolulu,KHAW,744,0,Honolulu,,
586,Honolulu,KAII,744,0,Honolulu,,
587,Honolulu,KGMB,744,0,Honolulu,,
588,Honolulu,KFVE,744,0,Honolulu,,
589,Honolulu,KWHE,744,0,Honolulu,,
590,Honolulu,KPXO-TV,744,0,Honolulu,,
591,Honolulu,KAAH,744,0,Honolulu,,
592,Wichita - Hutchinson Plus,KAKE,678,0,Wichita-Hutchinson Plus,,
593,Wichita - Hutchinson Plus,KUPK,678,0,Wichita-Hutchinson Plus,,
594,Wichita - Hutchinson Plus,KLBY,678,0,Wichita-Hutchinson Plus,,
595,Wichita - Hutchinson Plus,KHDS-LD,678,0,Wichita-Hutchinson Plus,,
596,Wichita - Hutchinson Plus,KGBD-LD,678,0,Wichita-Hutchinson Plus,,
597,Wichita - Hutchinson Plus,KSNW KSNC KSNG KSNK KSNL-LD,678,0,Wichita-Hutchinson Plus,,
598,Wichita - Hutchinson Plus,KSAS-TV,678,1,Wichita-Hutchinson Plus,2012,
599,Wichita - Hutchinson Plus,KAAS-TV,678,1,Wichita-Hutchinson Plus,2012,
600,Wichita - Hutchinson Plus,KOCW,678,1,Wichita-Hutchinson Plus,2012,
601,Wichita - Hutchinson Plus,KSAS-LP,678,0,Wichita-Hutchinson Plus,,
602,Wichita - Hutchinson Plus,KAAS-LP,678,0,Wichita-Hutchinson Plus,,
603,Wichita - Hutchinson Plus,KWCH-DT KBSD-DT KBSH-DT KBSL-DT,678,0,Wichita-Hutchinson Plus,,
604,Wichita - Hutchinson Plus,KDCU-DT,678,0,Wichita-Hutchinson Plus,,
605,Wichita - Hutchinson Plus,KMTW,678,1,Wichita-Hutchinson Plus,4,
606,Wichita - Hutchinson Plus,KSCW-DT,678,0,Wichita-Hutchinson Plus,,
607,Des Moines - Ames,WOI-DT,679,0,Des Moines-Ames,,
608,Des Moines - Ames,WHO-DT,679,0,Des Moines-Ames,,
609,Des Moines - Ames,KDSM-TV,679,1,Des Moines-Ames,1997,
610,Des Moines - Ames,KCCI,679,0,Des Moines-Ames,,
611,Des Moines - Ames,KCWI-TV,679,0,Des Moines-Ames,,
612,Green Bay - Appleton,WBAY-TV,658,0,Green Bay-Appleton,,
613,Green Bay - Appleton,WGBA-TV,658,0,Green Bay-Appleton,,
614,Green Bay - Appleton,WLWK-CD,658,0,Green Bay-Appleton,,
615,Green Bay - Appleton,WLUK-TV,658,1,Green Bay-Appleton,2014,
616,Green Bay - Appleton,WFRV-TV,658,0,Green Bay-Appleton,,
617,Green Bay - Appleton,WACY-TV,658,0,Green Bay-Appleton,,
618,Green Bay - Appleton,WCWF,658,1,Green Bay-Appleton,2014,
619,Roanoke - Lynchburg,WSET-TV,573,1,Roanoke-Lynchburg,2014,
620,Roanoke - Lynchburg,WSLS-TV,573,0,Roanoke-Lynchburg,,
621,Roanoke - Lynchburg,WFXR,573,0,Roanoke-Lynchburg,,
622,Roanoke - Lynchburg,WDBJ,573,0,Roanoke-Lynchburg,,
623,Roanoke - Lynchburg,WWCW,573,0,Roanoke-Lynchburg,,
624,Flint - Saginaw - Bay City,WJRT-TV,513,0,Flint-Saginaw-Bay City,,
625,Flint - Saginaw - Bay City,WEYI-TV,513,1,Flint-Saginaw-Bay City,2013,
626,Flint - Saginaw - Bay City,WSMH,513,1,Flint-Saginaw-Bay City,1996,
627,Flint - Saginaw - Bay City,WNEM-TV,513,0,Flint-Saginaw-Bay City,,
628,Flint - Saginaw - Bay City,WBSF,513,1,Flint-Saginaw-Bay City,2013,
629,Flint - Saginaw - Bay City,WAQP,513,0,Flint-Saginaw-Bay City,,
630,Flint - Saginaw - Bay City,W24DL-D,513,0,Flint-Saginaw-Bay City,,
631,Spokane,KXLY-TV,881,0,Spokane,,
632,Spokane,KHQ-TV,881,0,Spokane,,
633,Spokane,KAYU-TV,881,0,Spokane,,
634,Spokane,KLEW-TV KREM,881,0,Spokane,,
635,Spokane,KSKN,881,0,Spokane,,
636,Spokane,KXMN-LD,881,0,Spokane,,
637,Spokane,KGPX-TV,881,0,Spokane,,
638,Spokane,KHBA-LD,881,0,Spokane,,
639,Charleston - Huntington,WCHS-TV,564,1,Charleston-Huntington,1997,
640,Charleston - Huntington,WSAZ-TV,564,0,Charleston-Huntington,,
641,Charleston - Huntington,WVAH-TV,564,1,Charleston-Huntington,1994,
642,Charleston - Huntington,WOWK-TV,564,0,Charleston-Huntington,,
643,Charleston - Huntington,WQCW,564,0,Charleston-Huntington,,
644,Omaha,KETV,652,0,Omaha,,
645,Omaha,WOWT,652,0,Omaha,,
646,Omaha,KPTM,652,1,Omaha,2013,
647,Omaha,KMTV-TV,652,0,Omaha,,
648,Omaha,KXVO,652,1,Omaha,4,
649,"Springfield, MO",KSPR-LD,619,0,"Springfield, MO",,
650,"Springfield, MO",KYTV,619,0,"Springfield, MO",,
651,"Springfield, MO",KRBK,619,0,"Springfield, MO",,
652,"Springfield, MO",KOLR,619,0,"Springfield, MO",,
653,"Springfield, MO",K17DL-D,619,0,"Springfield, MO",,
654,"Springfield, MO",KOZL-TV,619,0,"Springfield, MO",,
655,"Springfield, MO",KYCW-LD,619,0,"Springfield, MO",,
656,"Rochester, NY",WHAM-TV,538,1,"Rochester, NY",2013,
657,"Rochester, NY",WHEC-TV,538,0,"Rochester, NY",,
658,"Rochester, NY",WUHF,538,1,"Rochester, NY",1995,
659,"Rochester, NY",WROC-TV,538,0,"Rochester, NY",,
660,"Columbia, SC",WOLO-TV,546,0,"Columbia, SC",,
661,"Columbia, SC",WIS,546,0,"Columbia, SC",,
662,"Columbia, SC",WACH,546,1,"Columbia, SC",2013,
663,"Columbia, SC",WLTX,546,0,"Columbia, SC",,
664,"Columbia, SC",WKTC,546,0,"Columbia, SC",,
665,Toledo,WTVG,547,0,Toledo,,
666,Toledo,WNWO-TV,547,1,Toledo,2013,
667,Toledo,WUPW,547,0,Toledo,,
668,Toledo,WTOL,547,0,Toledo,,
669,Portland - Auburn,WMTW,500,0,Portland-Auburn,,
670,Portland - Auburn,WCSH,500,0,Portland-Auburn,,
671,Portland - Auburn,WPFO,500,1,Portland-Auburn,6,
672,Portland - Auburn,WGME-TV,500,1,Portland-Auburn,1998,
673,Portland - Auburn,WPME,500,0,Portland-Auburn,,
674,Portland - Auburn,WPXT,500,0,Portland-Auburn,,
675,Huntsville - Decatur ( Florence ),WAAY-TV,691,0,Huntsville-Decatur (Flor),,
676,Huntsville - Decatur ( Florence ),WAFF,691,0,Huntsville-Decatur (Flor),,
677,Huntsville - Decatur ( Florence ),WZDX,691,0,Huntsville-Decatur (Flor),,
678,Huntsville - Decatur ( Florence ),WHNT-TV,691,0,Huntsville-Decatur (Flor),,
679,Huntsville - Decatur ( Florence ),WHDF,691,0,Huntsville-Decatur (Flor),,
680,Madison,WKOW,669,0,Madison,,
681,Madison,WMTV,669,0,Madison,,
682,Madison,WMSN-TV,669,1,Madison,2002,
683,Madison,WISC-TV,669,0,Madison,,
684,Paducah - Cape Girardeau - Harrisburg,WSIL-TV,632,0,Paducah-Cape Girard-Harsbg,,
685,Paducah - Cape Girardeau - Harrisburg,KPOB-TV,632,0,Paducah-Cape Girard-Harsbg,,
686,Paducah - Cape Girardeau - Harrisburg,WPSD-TV,632,0,Paducah-Cape Girard-Harsbg,,
687,Paducah - Cape Girardeau - Harrisburg,KBSI,632,1,Paducah-Cape Girard-Harsbg,1998,
688,Paducah - Cape Girardeau - Harrisburg,KFVS-TV,632,0,Paducah-Cape Girard-Harsbg,,
689,Paducah - Cape Girardeau - Harrisburg,WDKA,632,1,Paducah-Cape Girard-Harsbg,4,
690,Paducah - Cape Girardeau - Harrisburg,WQWQ-LP,632,0,Paducah-Cape Girard-Harsbg,,
691,Paducah - Cape Girardeau - Harrisburg,WQTV-LP,632,0,Paducah-Cape Girard-Harsbg,,
692,Shreveport,KTBS-TV,612,0,Shreveport,,
693,Shreveport,KTAL-TV,612,0,Shreveport,,
694,Shreveport,KMSS-TV,612,0,Shreveport,,
695,Shreveport,KSLA,612,0,Shreveport,,
696,Shreveport,KPXJ,612,0,Shreveport,,
697,Shreveport,KSHV-TV,612,0,Shreveport,,
698,Harlingen - Weslaco - Brownsville - McAllen,KRGV-TV,636,0,Harlingen-Wslco-Brnsvl-McA,,
699,Harlingen - Weslaco - Brownsville - McAllen,KVEO-TV,636,0,Harlingen-Wslco-Brnsvl-McA,,
700,Harlingen - Weslaco - Brownsville - McAllen,KFXV-LD,636,0,Harlingen-Wslco-Brnsvl-McA,,
701,Harlingen - Weslaco - Brownsville - McAllen,KXFX-CD,636,0,Harlingen-Wslco-Brnsvl-McA,,
702,Harlingen - Weslaco - Brownsville - McAllen,KGBT-TV,636,1,Harlingen-Wslco-Brnsvl-McA,2013,
703,Harlingen - Weslaco - Brownsville - McAllen,KCWT-CD,636,0,Harlingen-Wslco-Brnsvl-McA,,
704,Harlingen - Weslaco - Brownsville - McAllen,KNVO,636,0,Harlingen-Wslco-Brnsvl-McA,,
705,Harlingen - Weslaco - Brownsville - McAllen,KTFV-CD,636,0,Harlingen-Wslco-Brnsvl-McA,,
706,Harlingen - Weslaco - Brownsville - McAllen,XHRIO-TDT,636,0,Harlingen-Wslco-Brnsvl-McA,,
707,Syracuse,WSYR-TV,555,0,Syracuse,,
708,Syracuse,WSTM-TV,555,1,Syracuse,2013,
709,Syracuse,WSYT,555,0,Syracuse,,
710,Syracuse,WTVH,555,1,Syracuse,9,
711,Syracuse,WNYS-TV,555,0,Syracuse,,
712,Syracuse,WSTQ-LP,555,1,Syracuse,2013,
713,Waco - Temple - Bryan,KXXV,625,0,Waco-Temple-Bryan,,
714,Waco - Temple - Bryan,KRHD-CD,625,0,Waco-Temple-Bryan,,
715,Waco - Temple - Bryan,KAGS-LD KCEN-TV,625,0,Waco-Temple-Bryan,,
716,Waco - Temple - Bryan,KWKT-TV,625,0,Waco-Temple-Bryan,,
717,Waco - Temple - Bryan,KWTX-TV,625,0,Waco-Temple-Bryan,,
718,Waco - Temple - Bryan,KYLE-TV,625,0,Waco-Temple-Bryan,,
719,Colorado Springs - Pueblo,KRDO-TV,752,0,Colorado Springs-Pueblo,,
720,Colorado Springs - Pueblo,KOAA-TV,752,0,Colorado Springs-Pueblo,,
721,Colorado Springs - Pueblo,KXRM-TV,752,0,Colorado Springs-Pueblo,,
722,Colorado Springs - Pueblo,KKTV,752,0,Colorado Springs-Pueblo,,
723,Colorado Springs - Pueblo,KXTU-LD,752,0,Colorado Springs-Pueblo,,
724,Colorado Springs - Pueblo,KZCS-LP,752,0,Colorado Springs-Pueblo,,
725,Colorado Springs - Pueblo,KVSN-DT,752,0,Colorado Springs-Pueblo,,
726,Colorado Springs - Pueblo,KWHS-LD,752,0,Colorado Springs-Pueblo,,
727,Champaign & Springfield - Decatur,WICD,648,1,Champaign&Sprngfld-Decatur,1998,
728,Champaign & Springfield - Decatur,WICS,648,1,Champaign&Sprngfld-Decatur,1998,
729,Champaign & Springfield - Decatur,WAND,648,0,Champaign&Sprngfld-Decatur,,
730,Champaign & Springfield - Decatur,WCCU,648,1,Champaign&Sprngfld-Decatur,4,
731,Champaign & Springfield - Decatur,WRSP-TV,648,1,Champaign&Sprngfld-Decatur,4,
732,Champaign & Springfield - Decatur,WCIA,648,0,Champaign&Sprngfld-Decatur,,
733,Champaign & Springfield - Decatur,WBUI,648,1,Champaign&Sprngfld-Decatur,4,
734,Champaign & Springfield - Decatur,WCIX,648,0,Champaign&Sprngfld-Decatur,,
735,Chattanooga,WTVC,575,1,Chattanooga,2012,
736,Chattanooga,WRCB,575,0,Chattanooga,,
737,Chattanooga,WTVC-DT2,575,0,Chattanooga,,
738,Chattanooga,WDEF-TV,575,0,Chattanooga,,
739,Chattanooga,WDSI-TV,575,1,Chattanooga,2015,
740,Chattanooga,WFLI-TV,575,1,Chattanooga,2015,
741,Savannah,WJCL,507,0,Savannah,,
742,Savannah,WSAV-TV,507,0,Savannah,,
743,Savannah,WTGS,507,1,Savannah,2014,
744,Savannah,WTOC-TV,507,0,Savannah,,
745,Cedar Rapids - Waterloo - Iowa City & Dubuque,KCRG-TV,637,0,Cedar Rapids-Wtrlo-IWC&Dub,,
746,Cedar Rapids - Waterloo - Iowa City & Dubuque,KWWL,637,0,Cedar Rapids-Wtrlo-IWC&Dub,,
747,Cedar Rapids - Waterloo - Iowa City & Dubuque,KFXA,637,1,Cedar Rapids-Wtrlo-IWC&Dub,4,
748,Cedar Rapids - Waterloo - Iowa City & Dubuque,KGAN,637,1,Cedar Rapids-Wtrlo-IWC&Dub,1998,
749,"Charleston, SC",WCIV-DT2,519,0,"Charleston, SC",,
750,"Charleston, SC",WCBD-TV,519,0,"Charleston, SC",,
751,"Charleston, SC",WTAT-TV,519,1,"Charleston, SC",1995,
752,"Charleston, SC",WCSC-TV,519,0,"Charleston, SC",,
753,"Charleston, SC",WCIV,519,1,"Charleston, SC",1998,
754,El Paso ( Las Cruces ),KVIA-TV,765,0,El Paso (Las Cruces),,
755,El Paso ( Las Cruces ),KTSM-TV,765,0,El Paso (Las Cruces),,
756,El Paso ( Las Cruces ),KFOX-TV,765,1,El Paso (Las Cruces),2013,
757,El Paso ( Las Cruces ),KDBC-TV,765,1,El Paso (Las Cruces),2013,
758,Baton Rouge,WBRZ-TV,716,0,Baton Rouge,,
759,Baton Rouge,WVLA-TV,716,0,Baton Rouge,,
760,Baton Rouge,WGMB-TV,716,0,Baton Rouge,,
761,Baton Rouge,WAFB,716,0,Baton Rouge,,
762,Baton Rouge,WBRL-CD,716,0,Baton Rouge,,
763,Baton Rouge,WBXH-CD,716,0,Baton Rouge,,
764,Baton Rouge,KZUP-CD,716,0,Baton Rouge,,
765,"Jackson, MS",WAPT,718,0,"Jackson, MS",,
766,"Jackson, MS",WLBT,718,0,"Jackson, MS",,
767,"Jackson, MS",WDBD,718,0,"Jackson, MS",,
768,"Jackson, MS",WJTV,718,0,"Jackson, MS",,
769,"Jackson, MS",WLOO,718,0,"Jackson, MS",,
770,South Bend - Elkhart,WBND-LD,588,0,South Bend-Elkhart,,
771,South Bend - Elkhart,WNDU-TV,588,0,South Bend-Elkhart,,
772,South Bend - Elkhart,WSBT-DT2,588,0,South Bend-Elkhart,,
773,South Bend - Elkhart,WSBT-TV,588,1,South Bend-Elkhart,2016,
774,South Bend - Elkhart,WCWW-LD,588,0,South Bend-Elkhart,,
775,South Bend - Elkhart,WMYS-LD,588,0,South Bend-Elkhart,,
776,South Bend - Elkhart,WHME-TV,588,0,South Bend-Elkhart,,
777,Burlington - Plattsburgh,WVNY,523,0,Burlington-Plattsburgh,,
778,Burlington - Plattsburgh,WPTZ,523,0,Burlington-Plattsburgh,,
779,Burlington - Plattsburgh,WNNE,523,0,Burlington-Plattsburgh,,
780,Burlington - Plattsburgh,WFFF-TV,523,0,Burlington-Plattsburgh,,
781,Burlington - Plattsburgh,WCAX-TV,523,0,Burlington-Plattsburgh,,
782,Fort Smith - Fayetteville - Springdale - Rogers,KHBS,670,0,Ft. Smith-Fay-Sprngdl-Rgrs,,
783,Fort Smith - Fayetteville - Springdale - Rogers,KHOG-TV,670,0,Ft. Smith-Fay-Sprngdl-Rgrs,,
784,Fort Smith - Fayetteville - Springdale - Rogers,KNWA-TV,670,0,Ft. Smith-Fay-Sprngdl-Rgrs,,
785,Fort Smith - Fayetteville - Springdale - Rogers,KFTA-TV,670,0,Ft. Smith-Fay-Sprngdl-Rgrs,,
786,Fort Smith - Fayetteville - Springdale - Rogers,KFSM-TV,670,0,Ft. Smith-Fay-Sprngdl-Rgrs,,
787,Fort Smith - Fayetteville - Springdale - Rogers,KXNW,670,0,Ft. Smith-Fay-Sprngdl-Rgrs,,
788,"Tri-Cities, TN-VA",WJHL-DT2,531,0,"Tri-Cities, TN-VA",,
789,"Tri-Cities, TN-VA",WCYB-TV,531,1,"Tri-Cities, TN-VA",2017,
790,"Tri-Cities, TN-VA",WEMT,531,1,"Tri-Cities, TN-VA",2017,
791,"Tri-Cities, TN-VA",WJHL-TV,531,0,"Tri-Cities, TN-VA",,
792,Greenville - New Bern - Washington,WCTI-TV,545,1,Greenville-N.Bern-Washngtn,2017,
793,Greenville - New Bern - Washington,WITN-TV,545,0,Greenville-N.Bern-Washngtn,,
794,Greenville - New Bern - Washington,WYDO,545,1,Greenville-N.Bern-Washngtn,2017,
795,Greenville - New Bern - Washington,WNCT-TV,545,0,Greenville-N.Bern-Washngtn,,
796,Myrtle Beach - Florence,WPDE-TV,570,1,Myrtle Beach-Florence,2013,
797,Myrtle Beach - Florence,WMBF-TV,570,0,Myrtle Beach-Florence,,
798,Myrtle Beach - Florence,WFXB,570,0,Myrtle Beach-Florence,,
799,Myrtle Beach - Florence,WBTW,570,0,Myrtle Beach-Florence,,
800,Myrtle Beach - Florence,WWMB,570,1,Myrtle Beach-Florence,2013,
801,Davenport - Rock Island - Moline,WQAD-TV,682,0,Davenport-R.Island-Moline,,
802,Davenport - Rock Island - Moline,KWQC-TV,682,0,Davenport-R.Island-Moline,,
803,Davenport - Rock Island - Moline,KLJB,682,0,Davenport-R.Island-Moline,,
804,Davenport - Rock Island - Moline,WHBF-TV,682,0,Davenport-R.Island-Moline,,
805,Davenport - Rock Island - Moline,KGCW,682,0,Davenport-R.Island-Moline,,
806,Evansville,WEHT,649,0,Evansville,,
807,Evansville,WFIE,649,0,Evansville,,
808,Evansville,WEVV-DT2,649,0,Evansville,,
809,Evansville,WEEV-LD,649,0,Evansville,,
810,Evansville,WEVV-TV,649,0,Evansville,,
811,Evansville,WTVW,649,0,Evansville,,
812,Boise,KIVI-TV,757,0,Boise,,
813,Boise,KTVB,757,0,Boise,,
814,Boise,KNIN-TV,757,0,Boise,,
815,Boise,KBOI-TV,757,1,Boise,2013,
816,Boise,KYUU-LD,757,1,Boise,2013,
817,Reno,KOLO-TV,811,0,Reno,,
818,Reno,KRNV-DT,811,1,Reno,8,
819,Reno,KRXI-TV,811,1,Reno,2013,
820,Reno,KTVN,811,0,Reno,,
821,Reno,KAME-TV,811,1,Reno,2013,
822,Reno,KREN-TV,811,0,Reno,,
823,Reno,KRNS-CD,811,0,Reno,,
824,Lincoln & Hastings - Kearney,KHGI-TV,722,1,Lincoln & Hastings-Krny,2016,
825,Lincoln & Hastings - Kearney,KHGI-LD,722,0,Lincoln & Hastings-Krny,,
826,Lincoln & Hastings - Kearney,KWNB-TV KLKN,722,0,Lincoln & Hastings-Krny,,
827,Lincoln & Hastings - Kearney,KSNB-TV KSNK,722,0,Lincoln & Hastings-Krny,,
828,Lincoln & Hastings - Kearney,KFXL-TV,722,1,Lincoln & Hastings-Krny,2016,
829,Lincoln & Hastings - Kearney,KOLN,722,0,Lincoln & Hastings-Krny,,
830,Lincoln & Hastings - Kearney,KGIN,722,0,Lincoln & Hastings-Krny,,
831,Johnstown - Altoona - State College,WATM-TV,574,1,Johnstown-Altoona-St Colge,2016,
832,Johnstown - Altoona - State College,WJAC-TV,574,1,Johnstown-Altoona-St Colge,2013,
833,Johnstown - Altoona - State College,WWCP-TV,574,1,Johnstown-Altoona-St Colge,2016,
834,Johnstown - Altoona - State College,WTAJ-TV,574,0,Johnstown-Altoona-St Colge,,
835,Tallahassee - Thomasville,WTXL-TV,530,0,Tallahassee-Thomasville,,
836,Tallahassee - Thomasville,WTWC-TV,530,1,Tallahassee-Thomasville,1998,
837,Tallahassee - Thomasville,WTWC-DT2,530,0,Tallahassee-Thomasville,,
838,Tallahassee - Thomasville,WCTV,530,0,Tallahassee-Thomasville,,
839,Tallahassee - Thomasville,WTLF,530,1,Tallahassee-Thomasville,2014,
840,Tallahassee - Thomasville,WTLH,530,1,Tallahassee-Thomasville,2014,
841,Tyler - Longview ( Lufkin & Nacogdoches ),KLTV KTRE,709,0,Tyler-Longview(Lfkn&Ncgd),,
842,Tyler - Longview ( Lufkin & Nacogdoches ),KETK-TV,709,0,Tyler-Longview(Lfkn&Ncgd),,
843,Tyler - Longview ( Lufkin & Nacogdoches ),KFXK-TV,709,0,Tyler-Longview(Lfkn&Ncgd),,
844,Tyler - Longview ( Lufkin & Nacogdoches ),KFXL-LD,709,0,Tyler-Longview(Lfkn&Ncgd),,
845,Tyler - Longview ( Lufkin & Nacogdoches ),KYTX,709,0,Tyler-Longview(Lfkn&Ncgd),,
846,Tyler - Longview ( Lufkin & Nacogdoches ),KTPN-LD,709,0,Tyler-Longview(Lfkn&Ncgd),,
847,Tyler - Longview ( Lufkin & Nacogdoches ),KLPN-LD,709,0,Tyler-Longview(Lfkn&Ncgd),,
848,Sioux Falls ( Mitchell ),KSFY-TV,725,0,Sioux Falls(Mitchell),,
849,Sioux Falls ( Mitchell ),KABY-TV,725,0,Sioux Falls(Mitchell),,
850,Sioux Falls ( Mitchell ),KPRY-TV,725,0,Sioux Falls(Mitchell),,
851,Sioux Falls ( Mitchell ),KDLT-TV,725,0,Sioux Falls(Mitchell),,
852,Sioux Falls ( Mitchell ),KDLV-TV,725,0,Sioux Falls(Mitchell),,
853,Sioux Falls ( Mitchell ),KTTW,725,0,Sioux Falls(Mitchell),,
854,Sioux Falls ( Mitchell ),KTTM,725,0,Sioux Falls(Mitchell),,
855,Sioux Falls ( Mitchell ),KELO-TV,725,0,Sioux Falls(Mitchell),,
856,Sioux Falls ( Mitchell ),KDLO-TV,725,0,Sioux Falls(Mitchell),,
857,Sioux Falls ( Mitchell ),KPLO-TV,725,0,Sioux Falls(Mitchell),,
858,Fort Wayne,WPTA,509,0,Ft. Wayne,,
859,Fort Wayne,WPTA-DT2,509,0,Ft. Wayne,,
860,Fort Wayne,WFFT-TV,509,0,Ft. Wayne,,
861,Fort Wayne,WANE-TV,509,0,Ft. Wayne,,
862,Fort Wayne,WISE-TV,509,0,Ft. Wayne,,
863,Augusta - Aiken,WJBF,520,0,Augusta-Aiken,,
864,Augusta - Aiken,WAGT-CD,520,0,Augusta-Aiken,,
865,Augusta - Aiken,WFXG,520,0,Augusta-Aiken,,
866,Augusta - Aiken,WRDW-TV,520,0,Augusta-Aiken,,
867,Fargo - Valley City,WDAY-TV WDAZ-TV,724,0,Fargo-Valley City,,
868,Fargo - Valley City,KVLY-TV,724,0,Fargo-Valley City,,
869,Fargo - Valley City,KVRR,724,0,Fargo-Valley City,,
870,Fargo - Valley City,KJRR,724,0,Fargo-Valley City,,
871,Fargo - Valley City,KBRR,724,0,Fargo-Valley City,,
872,Fargo - Valley City,KNRR,724,0,Fargo-Valley City,,
873,Fargo - Valley City,KXJB-LD,724,0,Fargo-Valley City,,
874,Yakima - Pasco - Richland - Kennewick,KAPP KVEW,810,0,Yakima-Pasco-Rchlnd-Knnwck,,
875,Yakima - Pasco - Richland - Kennewick,KNDO KNDU,810,0,Yakima-Pasco-Rchlnd-Knnwck,,
876,Yakima - Pasco - Richland - Kennewick,KCYU-LD KFFX-TV,810,0,Yakima-Pasco-Rchlnd-Knnwck,,
877,Yakima - Pasco - Richland - Kennewick,KEPR-TV KIMA-TV,810,0,Yakima-Pasco-Rchlnd-Knnwck,,
878,Yakima - Pasco - Richland - Kennewick,KUNW-CA,810,0,Yakima-Pasco-Rchlnd-Knnwck,,
879,Yakima - Pasco - Richland - Kennewick,KVVK-CA,810,0,Yakima-Pasco-Rchlnd-Knnwck,,
880,Yakima - Pasco - Richland - Kennewick,KORX-CA,810,0,Yakima-Pasco-Rchlnd-Knnwck,,
881,Lansing,WLAJ,551,0,Lansing,,
882,Lansing,WILX-TV,551,0,Lansing,,
883,Lansing,WSYM-TV,551,0,Lansing,,
884,Lansing,WLNS-TV,551,0,Lansing,,
885,Springfield - Holyoke,WGGB-TV,543,0,Springfield-Holyoke,,
886,Springfield - Holyoke,WWLP,543,0,Springfield-Holyoke,,
887,Springfield - Holyoke,WFXQ-CD,543,0,Springfield-Holyoke,,
888,Springfield - Holyoke,WGGB-DT2,543,0,Springfield-Holyoke,,
889,Springfield - Holyoke,WSHM-LD,543,0,Springfield-Holyoke,,
890,Springfield - Holyoke,WDMR-LD,543,0,Springfield-Holyoke,,
891,Youngstown,WYTV,536,0,Youngstown,,
892,Youngstown,WFMJ-TV,536,0,Youngstown,,
893,Youngstown,WYFX-LD,536,0,Youngstown,,
894,Youngstown,WKBN-TV,536,0,Youngstown,,
895,Traverse City - Cadillac,WGTU,540,1,Traverse City-Cadillac,2013,
896,Traverse City - Cadillac,WGTQ,540,1,Traverse City-Cadillac,2013,
897,Traverse City - Cadillac,WPBN-TV,540,1,Traverse City-Cadillac,2013,
898,Traverse City - Cadillac,WTOM-TV,540,1,Traverse City-Cadillac,2013,
899,Traverse City - Cadillac,WFQX-TV,540,0,Traverse City-Cadillac,,
900,Traverse City - Cadillac,WFUP,540,0,Traverse City-Cadillac,,
901,Traverse City - Cadillac,WWTV,540,0,Traverse City-Cadillac,,
902,Traverse City - Cadillac,WWUP-TV,540,0,Traverse City-Cadillac,,
903,Traverse City - Cadillac,"""WBVC""",540,0,Traverse City-Cadillac,,
904,Eugene,KEZI,801,0,Eugene,,
905,Eugene,KMTR,801,1,Eugene,4,
906,Eugene,KMCB,801,1,Eugene,4,
907,Eugene,KTCW,801,1,Eugene,4,
908,Eugene,KLSR-TV,801,0,Eugene,,
909,Eugene,KVAL-TV,801,1,Eugene,2013,
910,Eugene,KCBY-TV,801,1,Eugene,2013,
911,Eugene,KPIC,801,1,Eugene,2013,
912,Eugene,KEVU-CD,801,0,Eugene,,
913,Macon,WGXA-DT2,503,0,Macon,,
914,Macon,WMGT-TV,503,0,Macon,,
915,Macon,WGXA,503,1,Macon,2014,
916,Macon,WMAZ-TV,503,0,Macon,,
917,"Lafayette, LA",KATC,642,0,"Lafayette, LA",,
918,"Lafayette, LA",KLAF-LD,642,0,"Lafayette, LA",,
919,"Lafayette, LA",KADN-TV,642,0,"Lafayette, LA",,
920,"Lafayette, LA",KLFY-TV,642,0,"Lafayette, LA",,
921,Peoria - Bloomington,WEEK-DT2,675,0,Peoria-Bloomington,,
922,Peoria - Bloomington,WEEK-TV,675,0,Peoria-Bloomington,,
923,Peoria - Bloomington,WYZZ-TV,675,1,Peoria-Bloomington,1996,
924,Peoria - Bloomington,WMBD-TV,675,0,Peoria-Bloomington,,
925,Santa Barbara - Santa Maria - San Luis Obispo,KEYT-TV,855,0,SantaBarbra-SanMar-SanLuOb,,
926,Santa Barbara - Santa Maria - San Luis Obispo,KSBY,855,0,SantaBarbra-SanMar-SanLuOb,,
927,Santa Barbara - Santa Maria - San Luis Obispo,KKFX-CD,855,0,SantaBarbra-SanMar-SanLuOb,,
928,Santa Barbara - Santa Maria - San Luis Obispo,KCOY-TV,855,0,SantaBarbra-SanMar-SanLuOb,,
929,Santa Barbara - Santa Maria - San Luis Obispo,KSBB-CD,855,0,SantaBarbra-SanMar-SanLuOb,,
930,Montgomery - Selma,WNCF,698,0,Montgomery-Selma,,
931,Montgomery - Selma,WSFA,698,0,Montgomery-Selma,,
932,Montgomery - Selma,WCOV-TV,698,0,Montgomery-Selma,,
933,Montgomery - Selma,WAKA,698,0,Montgomery-Selma,,
934,Montgomery - Selma,WBMM,698,0,Montgomery-Selma,,
935,Monterey - Salinas,KSBW-DT2,828,0,Monterey-Salinas,,
936,Monterey - Salinas,KSBW,828,0,Monterey-Salinas,,
937,Monterey - Salinas,KCBA,828,0,Monterey-Salinas,,
938,Monterey - Salinas,KION-TV,828,0,Monterey-Salinas,,
939,Monterey - Salinas,KDJT-CD,828,0,Monterey-Salinas,,
940,Monterey - Salinas,KMUV-LP,828,0,Monterey-Salinas,,
941,Monterey - Salinas,KSMS-TV,828,0,Monterey-Salinas,,
942,Bakersfield,KERO-TV,800,0,Bakersfield,,
943,Bakersfield,KGET-TV,800,0,Bakersfield,,
944,Bakersfield,KBFX-CD,800,1,Bakersfield,2013,
945,Bakersfield,KBAK-TV,800,1,Bakersfield,2013,
946,Bakersfield,KKEY-LP,800,0,Bakersfield,,
947,"Columbus, GA",WTVM,522,0,"Columbus, GA (Opelika, AL)",,
948,"Columbus, GA",WLTZ,522,0,"Columbus, GA (Opelika, AL)",,
949,"Columbus, GA",WXTX,522,0,"Columbus, GA (Opelika, AL)",,
950,"Columbus, GA",WRBL,522,0,"Columbus, GA (Opelika, AL)",,
951,Corpus Christi,KIII,600,0,Corpus Christi,,
952,Corpus Christi,KRIS-TV,600,0,Corpus Christi,,
953,Corpus Christi,KSCC,600,0,Corpus Christi,,
954,Corpus Christi,KZTV,600,0,Corpus Christi,,
955,Corpus Christi,K22JA-D,600,0,Corpus Christi,,
956,Corpus Christi,K47DF-D,600,0,Corpus Christi,,
957,Corpus Christi,KTOV-LP,600,0,Corpus Christi,,
958,Corpus Christi,KXPX-LP,600,0,Corpus Christi,,
959,La Crosse - Eau Claire,WQOW WXOW,702,0,La Crosse-Eau Claire,,
960,La Crosse - Eau Claire,WEAU,702,0,La Crosse-Eau Claire,,
961,La Crosse - Eau Claire,WLAX,702,0,La Crosse-Eau Claire,,
962,La Crosse - Eau Claire,WEUX,702,0,La Crosse-Eau Claire,,
963,La Crosse - Eau Claire,WKBT-DT,702,0,La Crosse-Eau Claire,,
964,Wilmington,WWAY,550,0,Wilmington,,
965,Wilmington,WECT,550,0,Wilmington,,
966,Wilmington,WSFX-TV,550,0,Wilmington,,
967,Wilmington,WWAY-DT2,550,0,Wilmington,,
968,Amarillo,KVII-TV,634,1,Amarillo,2013,
969,Amarillo,KVIH-TV,634,1,Amarillo,2013,
970,Amarillo,KAMR-TV,634,0,Amarillo,,
971,Amarillo,KCIT,634,0,Amarillo,,
972,Amarillo,KFDA-TV,634,0,Amarillo,,
973,Amarillo,KCPN-LP,634,0,Amarillo,,
974,Amarillo,KEYU,634,0,Amarillo,,
975,Chico - Redding,KRCR-TV,868,1,Chico-Redding,2017,
976,Chico - Redding,KNVN,868,0,Chico-Redding,,
977,Chico - Redding,KCVU,868,1,Chico-Redding,2017,
978,Chico - Redding,KHSL-TV,868,0,Chico-Redding,,
979,Chico - Redding,KKTF-LD,868,1,Chico-Redding,2017,
980,Chico - Redding,KRVU-LD,868,1,Chico-Redding,2017,
981,Chico - Redding,KZVU-LD,868,1,Chico-Redding,2017,
982,Chico - Redding,KUCO-LP,868,1,Chico-Redding,2017,
983,Chico - Redding,KXVU-LD,868,0,Chico-Redding,,
984,Columbus - Tupelo - West Point - Houston,WTVA-DT2,673,0,Columbus-Tupelo-W Pnt-Hstn,,
985,Columbus - Tupelo - West Point - Houston,WTVA,673,0,Columbus-Tupelo-W Pnt-Hstn,,
986,Columbus - Tupelo - West Point - Houston,WLOV,673,0,Columbus-Tupelo-W Pnt-Hstn,,
987,Columbus - Tupelo - West Point - Houston,WCBI,673,0,Columbus-Tupelo-W Pnt-Hstn,,
988,Wausau - Rhinelander,WAOW,705,0,Wausau-Rhinelander,,
989,Wausau - Rhinelander,WYOW,705,0,Wausau-Rhinelander,,
990,Wausau - Rhinelander,WMOW-DT2,705,0,Wausau-Rhinelander,,
991,Wausau - Rhinelander,WJFW-TV,705,0,Wausau-Rhinelander,,
992,Wausau - Rhinelander,WZAW-LD,705,0,Wausau-Rhinelander,,
993,Wausau - Rhinelander,WSAW-TV,705,0,Wausau-Rhinelander,,
994,Wausau - Rhinelander,WMOW,705,0,Wausau-Rhinelander,,
995,Columbia - Jefferson City,KMIZ,604,0,Columbia-Jefferson City,,
996,Columbia - Jefferson City,KOMU-TV,604,0,Columbia-Jefferson City,,
997,Columbia - Jefferson City,KQFX-LD,604,0,Columbia-Jefferson City,,
998,Columbia - Jefferson City,KRCG,604,1,Columbia-Jefferson City,2013,
999,Medford - Klamath Falls,KDRV,813,0,Medford-Klamath Falls,,
1000,Medford - Klamath Falls,KDKF,813,0,Medford-Klamath Falls,,
1001,Medford - Klamath Falls,KOBI,813,0,Medford-Klamath Falls,,
1002,Medford - Klamath Falls,KOTI,813,0,Medford-Klamath Falls,,
1003,Medford - Klamath Falls,KMVU-DT,813,0,Medford-Klamath Falls,,
1004,Medford - Klamath Falls,KTVL,813,1,Medford-Klamath Falls,2012,
1005,Medford - Klamath Falls,KFBI-LD,813,0,Medford-Klamath Falls,,
1006,Medford - Klamath Falls,KMCW-LD,813,0,Medford-Klamath Falls,,
1007,Monroe - El Dorado,KNOE-DT2,628,0,Monroe-El Dorado,,
1008,Monroe - El Dorado,KTVE,628,0,Monroe-El Dorado,,
1009,Monroe - El Dorado,KARD,628,0,Monroe-El Dorado,,
1010,Monroe - El Dorado,KNOE-TV,628,0,Monroe-El Dorado,,
1011,Rockford,WTVO,610,0,Rockford,,
1012,Rockford,WREX,610,0,Rockford,,
1013,Rockford,WQRF-TV,610,0,Rockford,,
1014,Rockford,WIFR-LD,610,0,Rockford,,
1015,Topeka,KTKA-TV,605,0,Topeka,,
1016,Topeka,KSNT,605,0,Topeka,,
1017,Topeka,KTMJ-CD,605,0,Topeka,,
1018,Topeka,KTLJ-CA,605,0,Topeka,,
1019,Topeka,KMJT-LP,605,0,Topeka,,
1020,Topeka,KETM-CA,605,0,Topeka,,
1021,Topeka,WIBW-TV-LD,605,0,Topeka,,
1022,"Duluth - Superior, WI",WDIO-DT,676,0,Duluth-Superior,,
1023,"Duluth - Superior, WI",WIRT-DT,676,0,Duluth-Superior,,
1024,"Duluth - Superior, WI",KBJR-TV,676,0,Duluth-Superior,,
1025,"Duluth - Superior, WI",KRII,676,0,Duluth-Superior,,
1026,"Duluth - Superior, WI",KQDS-TV,676,0,Duluth-Superior,,
1027,"Duluth - Superior, WI",KBJR-DT2,676,0,Duluth-Superior,,
1028,"Duluth - Superior, WI",KRII-DT2,676,0,Duluth-Superior,,
1029,"Duluth - Superior, WI",KDLH,676,0,Duluth-Superior,,
1030,Minot - Bismarck - Dickinson ( Williston ),KBMY,687,0,Minot-Bsmrck-Dcknsn(Wlstn),,
1031,Minot - Bismarck - Dickinson ( Williston ),KMCY,687,0,Minot-Bsmrck-Dcknsn(Wlstn),,
1032,Minot - Bismarck - Dickinson ( Williston ),KFYR-TV KMOT KQCD-TV KUMV-TV,687,0,Minot-Bsmrck-Dcknsn(Wlstn),,
1033,Minot - Bismarck - Dickinson ( Williston ),KNDX-LD,687,0,Minot-Bsmrck-Dcknsn(Wlstn),,
1034,Minot - Bismarck - Dickinson ( Williston ),KXND-LP,687,0,Minot-Bsmrck-Dcknsn(Wlstn),,
1035,Minot - Bismarck - Dickinson ( Williston ),KFYR-DT2,687,0,Minot-Bsmrck-Dcknsn(Wlstn),,
1036,Minot - Bismarck - Dickinson ( Williston ),KMOT-DT2,687,0,Minot-Bsmrck-Dcknsn(Wlstn),,
1037,Minot - Bismarck - Dickinson ( Williston ),KQCD-DT2,687,0,Minot-Bsmrck-Dcknsn(Wlstn),,
1038,Minot - Bismarck - Dickinson ( Williston ),KUMV-DT2,687,0,Minot-Bsmrck-Dcknsn(Wlstn),,
1039,Minot - Bismarck - Dickinson ( Williston ),KXMA-DT2 KXMB-TV KXMC-TV KXMD-TV,687,0,Minot-Bsmrck-Dcknsn(Wlstn),,
1040,Minot - Bismarck - Dickinson ( Williston ),KXMA-TV,687,0,Minot-Bsmrck-Dcknsn(Wlstn),,
1041,Beaumont - Port Arthur,KBMT,692,0,Beaumont-Port Arthur,,
1042,Beaumont - Port Arthur,KBMT-DT2,692,0,Beaumont-Port Arthur,,
1043,Beaumont - Port Arthur,KBTV-TV,692,1,Beaumont-Port Arthur,2012,
1044,Beaumont - Port Arthur,KFDM,692,1,Beaumont-Port Arthur,2012,
1045,Beaumont - Port Arthur,KUIL-LD,692,0,Beaumont-Port Arthur,,
1046,Salisbury,WMDT,576,0,Salisbury,,
1047,Salisbury,WEVD-LD,576,0,Salisbury,,
1048,Salisbury,WRDE-LD,576,0,Salisbury,,
1049,Salisbury,WBOC-DT2,576,0,Salisbury,,
1050,Salisbury,WBOC-TV,576,0,Salisbury,,
1051,Salisbury,WBOC-LD,576,0,Salisbury,,
1052,Salisbury,WGDV-LD,576,0,Salisbury,,
1053,Odessa - Midland,KMID,633,0,Odessa-Midland,,
1054,Odessa - Midland,KWES-TV,633,0,Odessa-Midland,,
1055,Odessa - Midland,KWAB-TV,633,0,Odessa-Midland,,
1056,Odessa - Midland,KPEJ-TV,633,0,Odessa-Midland,,
1057,Odessa - Midland,KOSA-TV,633,0,Odessa-Midland,,
1058,Odessa - Midland,KTLE-LP,633,0,Odessa-Midland,,
1059,Lubbock,KAMC,651,0,Lubbock,,
1060,Lubbock,KCBD,651,0,Lubbock,,
1061,Lubbock,KJTV-TV,651,0,Lubbock,,
1062,Lubbock,KLBK-TV,651,0,Lubbock,,
1063,Lubbock,KJTV-CD,651,0,Lubbock,,
1064,Lubbock,KLCW-TV,651,0,Lubbock,,
1065,Lubbock,KMYL-LD,651,0,Lubbock,,
1066,Lubbock,KXTQ-CD,651,0,Lubbock,,
1067,Palm Springs,KESQ-TV,804,0,Palm Springs,,
1068,Palm Springs,KMIR-TV,804,0,Palm Springs,,
1069,Palm Springs,KDFX-CD,804,0,Palm Springs,,
1070,Palm Springs,KPSP-CD,804,0,Palm Springs,,
1071,Palm Springs,KCWQ-LP-LD,804,0,Palm Springs,,
1072,Palm Springs,KPSE-LD,804,0,Palm Springs,,
1073,Palm Springs,KUNA-LP,804,0,Palm Springs,,
1074,Anchorage,KYUR,743,0,Anchorage,,
1075,Anchorage,KTUU-TV,743,0,Anchorage,,
1076,Anchorage,KTBY,743,0,Anchorage,,
1077,Anchorage,KTVA,743,0,Anchorage,,
1078,Anchorage,KYES-TV,743,0,Anchorage,,
1079,Sioux City,KCAU-TV,624,0,Sioux City,,
1080,Sioux City,KTIV,624,0,Sioux City,,
1081,Sioux City,KPTH,624,1,Sioux City,2013,
1082,Sioux City,KMEG,624,1,Sioux City,4,
1083,Wichita Falls & Lawton,KSWO-TV,627,0,Wichita Falls & Lawton,,
1084,Wichita Falls & Lawton,KFDX-TV,627,0,Wichita Falls & Lawton,,
1085,Wichita Falls & Lawton,KJTL,627,0,Wichita Falls & Lawton,,
1086,Wichita Falls & Lawton,KAUZ-TV,627,0,Wichita Falls & Lawton,,
1087,Wichita Falls & Lawton,KJBO-LP,627,0,Wichita Falls & Lawton,,
1088,Erie,WJET-TV,516,0,Erie,,
1089,Erie,WICU-TV,516,0,Erie,,
1090,Erie,WFXP,516,0,Erie,,
1091,Erie,WSEE-TV,516,0,Erie,,
1092,Panama City,WMBB,656,0,Panama City,,
1093,Panama City,WJHG-TV,656,0,Panama City,,
1094,Panama City,WPGX,656,0,Panama City,,
1095,Panama City,WECP-LD,656,0,Panama City,,
1096,Joplin - Pittsburg,KODE-TV,603,0,Joplin-Pittsburg,,
1097,Joplin - Pittsburg,KSNF,603,0,Joplin-Pittsburg,,
1098,Joplin - Pittsburg,KFJX,603,0,Joplin-Pittsburg,,
1099,Joplin - Pittsburg,KOAM-TV,603,0,Joplin-Pittsburg,,
1100,Joplin - Pittsburg,"""KSXF""",603,0,Joplin-Pittsburg,,
1101,Rochester - Mason City - Austin,KAAL,611,0,Rochestr-Mason City-Austin,,
1102,Rochester - Mason City - Austin,KTTC,611,0,Rochestr-Mason City-Austin,,
1103,Rochester - Mason City - Austin,KXLT-TV,611,0,Rochestr-Mason City-Austin,,
1104,Rochester - Mason City - Austin,KIMT,611,0,Rochestr-Mason City-Austin,,
1105,"Albany, GA",WALB-DT2,525,0,"Albany, GA",,
1106,"Albany, GA",WALB,525,0,"Albany, GA",,
1107,"Albany, GA",WFXL,525,1,"Albany, GA",2013,
1108,"Albany, GA",WSWG,525,0,"Albany, GA",,
1109,Terre Haute,WAWV-TV,581,0,Terre Haute,,
1110,Terre Haute,WTWO,581,0,Terre Haute,,
1111,Terre Haute,WTHI-DT2,581,0,Terre Haute,,
1112,Terre Haute,WTHI-TV,581,0,Terre Haute,,
1113,Bangor,WVII-TV,537,0,Bangor,,
1114,Bangor,WLBZ-TV,537,0,Bangor,,
1115,Bangor,WGCI-LD,537,0,Bangor,,
1116,Bangor,WFVX-LD,537,0,Bangor,,
1117,Bangor,WABI-TV,537,0,Bangor,,
1118,Biloxi - Gulfport,WLOX,746,0,Biloxi-Gulfport,,
1119,Biloxi - Gulfport,WXXV-DT2,746,0,Biloxi-Gulfport,,
1120,Biloxi - Gulfport,WXXV-TV,746,0,Biloxi-Gulfport,,
1121,Biloxi - Gulfport,WLOX-DT2,746,0,Biloxi-Gulfport,,
1122,"Wheeling - Steubenville, OH",WTRF-DT3,554,0,Wheeling-Steubenville,,
1123,"Wheeling - Steubenville, OH",WTOV-TV,554,1,Wheeling-Steubenville,2013,
1124,"Wheeling - Steubenville, OH",WTOV-DT2,554,0,Wheeling-Steubenville,,
1125,"Wheeling - Steubenville, OH",WTRF-TV,554,0,Wheeling-Steubenville,,
1126,"Wheeling - Steubenville, OH","""WBWO""",554,0,Wheeling-Steubenville,,
1127,Gainesville,WCJB-TV,592,0,Gainesville,,
1128,Gainesville,WNBW-DT,592,1,Gainesville,2014,
1129,Gainesville,WOGX,592,0,Gainesville,,
1130,Gainesville,WGFL,592,1,Gainesville,2014,
1131,Gainesville,WMYG-LP,592,1,Gainesville,2014,
1132,Gainesville,WYME-CD,592,1,Gainesville,2014,
1133,Sherman - Ada,KTEN-DT3,657,0,Sherman-Ada,,
1134,Sherman - Ada,KTEN,657,0,Sherman-Ada,,
1135,Sherman - Ada,KXII-DT3,657,0,Sherman-Ada,,
1136,Sherman - Ada,KXIP-LD3,657,0,Sherman-Ada,,
1137,Sherman - Ada,KXII,657,0,Sherman-Ada,,
1138,Sherman - Ada,KXIP-LD,657,0,Sherman-Ada,,
1139,Binghamton,WIVT,502,0,Binghamton,,
1140,Binghamton,WBGH-CD,502,0,Binghamton,,
1141,Binghamton,WICZ-TV,502,0,Binghamton,,
1142,Binghamton,WBNG-TV,502,0,Binghamton,,
1143,Binghamton,WBPN-LP,502,0,Binghamton,,
1144,Idaho Falls - Pocatello ( Jackson ),KIFI-TV,758,0,Idaho Fals-Pocatllo(Jcksn),,
1145,Idaho Falls - Pocatello ( Jackson ),KPVI-DT,758,0,Idaho Fals-Pocatllo(Jcksn),,
1146,Idaho Falls - Pocatello ( Jackson ),KXPI-LD,758,0,Idaho Fals-Pocatllo(Jcksn),,
1147,Idaho Falls - Pocatello ( Jackson ),KIDK,758,0,Idaho Fals-Pocatllo(Jcksn),,
1148,Idaho Falls - Pocatello ( Jackson ),KVUI,758,0,Idaho Fals-Pocatllo(Jcksn),,
1149,Bluefield - Beckley - Oak Hill,WOAY-TV,559,0,Bluefield-Beckley-Oak Hill,,
1150,Bluefield - Beckley - Oak Hill,WVVA,559,0,Bluefield-Beckley-Oak Hill,,
1151,Bluefield - Beckley - Oak Hill,WVNS-DT2,559,0,Bluefield-Beckley-Oak Hill,,
1152,Bluefield - Beckley - Oak Hill,WVNS-TV,559,0,Bluefield-Beckley-Oak Hill,,
1153,Missoula,KTMF,762,0,Missoula,,
1154,Missoula,KTMF-LD,762,0,Missoula,,
1155,Missoula,KECI-TV,762,1,Missoula,2017,
1156,Missoula,KCFW-TV,762,1,Missoula,2017,
1157,Missoula,KTMF-DT2,762,0,Missoula,,
1158,Missoula,KTMF-LD2,762,0,Missoula,,
1159,Missoula,KPAX-TV,762,0,Missoula,,
1160,Missoula,KAJJ-CD,762,0,Missoula,,
1161,Abilene - Sweetwater,KTXS-TV,662,1,Abilene-Sweetwater,2017,
1162,Abilene - Sweetwater,KRBC-TV,662,0,Abilene-Sweetwater,,
1163,Abilene - Sweetwater,KXVA,662,0,Abilene-Sweetwater,,
1164,Abilene - Sweetwater,KTAB-TV,662,0,Abilene-Sweetwater,,
1165,Abilene - Sweetwater,KIDZ-LD,662,0,Abilene-Sweetwater,,
1166,Abilene - Sweetwater,KTES-LD,662,1,Abilene-Sweetwater,2017,
1167,"Yuma - El Centro, CA",KECY-DT2,771,0,Yuma-El Centro,,
1168,"Yuma - El Centro, CA",KYMA-DT,771,0,Yuma-El Centro,,
1169,"Yuma - El Centro, CA",KECY-TV,771,0,Yuma-El Centro,,
1170,"Yuma - El Centro, CA",KSWT,771,0,Yuma-El Centro,,
1171,"Yuma - El Centro, CA",KESE-LP,771,0,Yuma-El Centro,,
1172,Billings,KSVI,756,0,Billings,,
1173,Billings,KULR-TV,756,0,Billings,,
1174,Billings,KYUS-TV,756,0,Billings,,
1175,Billings,KHMT,756,0,Billings,,
1176,Billings,KTVQ,756,0,Billings,,
1177,Hattiesburg - Laurel,WDAM-DT2,710,0,Hattiesburg-Laurel,,
1178,Hattiesburg - Laurel,WDAM-TV,710,0,Hattiesburg-Laurel,,
1179,Hattiesburg - Laurel,WHPM-LD,710,0,Hattiesburg-Laurel,,
1180,Hattiesburg - Laurel,WHLT,710,0,Hattiesburg-Laurel,,
1181,Clarksburg - Weston,WBOY-DT2,598,0,Clarksburg-Weston,,
1182,Clarksburg - Weston,WBOY-TV,598,0,Clarksburg-Weston,,
1183,Clarksburg - Weston,WVFX,598,0,Clarksburg-Weston,,
1184,Clarksburg - Weston,WDTV,598,0,Clarksburg-Weston,,
1185,Rapid City,KOTA-TV,764,0,Rapid City,,
1186,Rapid City,KHSD-TV,764,0,Rapid City,,
1187,Rapid City,KNBN,764,0,Rapid City,,
1188,Rapid City,KKRA-LP,764,0,Rapid City,,
1189,Rapid City,KEVN-LD,764,0,Rapid City,,
1190,Rapid City,KHSD-DT2,764,0,Rapid City,,
1191,Rapid City,KCLO-TV,764,0,Rapid City,,
1192,Rapid City,KWBH-LP,764,0,Rapid City,,
1193,Utica,WUTR,526,0,Utica,,
1194,Utica,WKTV,526,0,Utica,,
1195,Utica,WFXV,526,0,Utica,,
1196,Utica,WKTV-DT2,526,0,Utica,,
1197,Utica,WPNY-LP,526,0,Utica,,
1198,Quincy - Hannibal - Keokuk,KHQA-DT2,717,0,Quincy-Hannibal-Keokuk,,
1199,Quincy - Hannibal - Keokuk,WGEM-TV,717,0,Quincy-Hannibal-Keokuk,,
1200,Quincy - Hannibal - Keokuk,WGEM-DT3,717,0,Quincy-Hannibal-Keokuk,,
1201,Quincy - Hannibal - Keokuk,KHQA-TV,717,1,Quincy-Hannibal-Keokuk,2013,
1202,Dothan,WDHN,606,0,Dothan,,
1203,Dothan,WRGX-LD,606,0,Dothan,,
1204,Dothan,WDFX-TV,606,0,Dothan,,
1205,Dothan,WTVY,606,0,Dothan,,
1206,Lake Charles,KVHP-DT2,643,0,Lake Charles,,
1207,Lake Charles,KPLC,643,0,Lake Charles,,
1208,Lake Charles,KVHP,643,0,Lake Charles,,
1209,Lake Charles,KSWL-LD,643,0,Lake Charles,,
1210,Lake Charles,KWWE-LD,643,0,Lake Charles,,
1211,Harrisonburg,WHSV-TV,569,0,Harrisonburg,,
1212,Harrisonburg,W30CT-D,569,0,Harrisonburg,,
1213,Harrisonburg,WSVF-CD,569,0,Harrisonburg,,
1214,Harrisonburg,WSVF-CD2,569,0,Harrisonburg,,
1215,Elmira ( Corning ),WENY-TV,565,0,Elmira (Corning),,
1216,Elmira ( Corning ),WETM-TV,565,0,Elmira (Corning),,
1217,Elmira ( Corning ),WYDC,565,0,Elmira (Corning),,
1218,Elmira ( Corning ),WENY-DT2,565,0,Elmira (Corning),,
1219,Elmira ( Corning ),WJKP-LD,565,0,Elmira (Corning),,
1220,"Jackson, TN",WBBJ-TV,639,0,"Jackson, TN",,
1221,"Jackson, TN",WNBJ-LD,639,0,"Jackson, TN",,
1222,"Jackson, TN",WJKT,639,0,"Jackson, TN",,
1223,"Jackson, TN",WBBJ-DT3,639,0,"Jackson, TN",,
1224,"Jackson, TN","""WBJK""",639,0,"Jackson, TN",,
1225,"Alexandria, LA",KLAX-TV,644,0,"Alexandria, LA",,
1226,"Alexandria, LA",KALB-TV,644,0,"Alexandria, LA",,
1227,"Alexandria, LA",WNTZ-TV,644,0,"Alexandria, LA",,
1228,"Alexandria, LA",KALB-DT2,644,0,"Alexandria, LA",,
1229,"Alexandria, LA",KWCE-LP,644,0,"Alexandria, LA",,
1230,Watertown,WWTI,549,0,Watertown,,
1231,Watertown,WVNC-LD,549,0,Watertown,,
1232,Watertown,WNYF-CD,549,0,Watertown,,
1233,Watertown,WWNY-CD,549,0,Watertown,,
1234,Watertown,WWNY-TV,549,0,Watertown,,
1235,Marquette,WBUP,553,0,Marquette,,
1236,Marquette,WLUC-TV,553,0,Marquette,,
1237,Marquette,WLUC-DT2,553,0,Marquette,,
1238,Marquette,WJMN-TV,553,0,Marquette,,
1239,Marquette,WBKP,553,0,Marquette,,
1240,Bowling Green,WBKO,736,0,Bowling Green,,
1241,Bowling Green,WNKY,736,0,Bowling Green,,
1242,Bowling Green,WBKO-DT2,736,0,Bowling Green,,
1243,Bowling Green,WNKY-DT2,736,0,Bowling Green,,
1244,Jonesboro,KAIT,734,0,Jonesboro,,
1245,Jonesboro,KAIT-DT2,734,0,Jonesboro,,
1246,Jonesboro,KJNB-LD,734,0,Jonesboro,,
1247,Jonesboro,KJNE-LD,734,0,Jonesboro,,
1248,Jonesboro,KJNB-LD2,734,0,Jonesboro,,
1249,Jonesboro,KJNE-LD2,734,0,Jonesboro,,
1250,Jonesboro,"""KJOS""",734,0,Jonesboro,,
1251,Charlottesville,WVAW-LD,584,0,Charlottesville,,
1252,Charlottesville,WVIR-TV,584,0,Charlottesville,,
1253,Charlottesville,WAHU-CD,584,0,Charlottesville,,
1254,Charlottesville,WCAV,584,0,Charlottesville,,
1255,Laredo,KGNS-DT2,749,0,Laredo,,
1256,Laredo,KGNS-TV,749,0,Laredo,,
1257,Laredo,KXOF-CD,749,0,Laredo,,
1258,Laredo,KYLX-LD,749,0,Laredo,,
1259,Laredo,KETF-CD,749,0,Laredo,,
1260,Laredo,KLDO-TV,749,0,Laredo,,
1261,Butte - Bozeman,KWYB,754,0,Butte-Bozeman,,
1262,Butte - Bozeman,KWYB-LD,754,0,Butte-Bozeman,,
1263,Butte - Bozeman,KTVM,754,0,Butte-Bozeman,,
1264,Butte - Bozeman,KDBZ-CD,754,1,Butte-Bozeman,2017,
1265,Butte - Bozeman,KWYB-DT2,754,0,Butte-Bozeman,,
1266,Butte - Bozeman,KWYB-LD2,754,0,Butte-Bozeman,,
1267,Butte - Bozeman,KXLF-TV,754,0,Butte-Bozeman,,
1268,Butte - Bozeman,KBZK,754,0,Butte-Bozeman,,
1269,"Bend, OR",KOHD,821,0,"Bend, OR",,
1270,"Bend, OR",KTVZ,821,0,"Bend, OR",,
1271,"Bend, OR",KFXO-CD,821,0,"Bend, OR",,
1272,"Bend, OR",KBNZ-LD,821,0,"Bend, OR",,
1273,"Bend, OR",KQRE-LP,821,0,"Bend, OR",,
1274,Grand Junction - Montrose,KJCT-LP,773,0,Grand Junction-Montrose,,
1275,Grand Junction - Montrose,KKCO,773,0,Grand Junction-Montrose,,
1276,Grand Junction - Montrose,KFQX,773,0,Grand Junction-Montrose,,
1277,Grand Junction - Montrose,KREX-TV,773,0,Grand Junction-Montrose,,
1278,Grand Junction - Montrose,KREY-TV,773,0,Grand Junction-Montrose,,
1279,Grand Junction - Montrose,KGJT-CD,773,0,Grand Junction-Montrose,,
1280,"Lafayette, IN",WPBY-CD,582,0,"Lafayette, IN",,
1281,"Lafayette, IN",WPBI-LD2,582,0,"Lafayette, IN",,
1282,"Lafayette, IN",WPBI-LD,582,0,"Lafayette, IN",,
1283,"Lafayette, IN",WLFI-TV,582,0,"Lafayette, IN",,
1284,Lima,WOHL-CD,558,0,Lima,,
1285,Lima,WLQP-LP,558,0,Lima,,
1286,Lima,WLIO,558,0,Lima,,
1287,Lima,WLIO-DT2,558,0,Lima,,
1288,Lima,WOHL-CD2,558,0,Lima,,
1289,Lima,WLMO-LP,558,0,Lima,,
1290,Twin Falls,KSAW-LD,760,0,Twin Falls,,
1291,Twin Falls,KTFT-LD,760,0,Twin Falls,,
1292,Twin Falls,KSVT-LD,760,0,Twin Falls,,
1293,Twin Falls,KMVT,760,0,Twin Falls,,
1294,Meridian,WTOK-TV,711,0,Meridian,,
1295,Meridian,WGBC-DT2,711,0,Meridian,,
1296,Meridian,WGBC,711,0,Meridian,,
1297,Meridian,WMDN,711,0,Meridian,,
1298,Great Falls,KFBB-TV,755,0,Great Falls,,
1299,Great Falls,KBGF-LD,755,0,Great Falls,,
1300,Great Falls,KFBB-DT2,755,0,Great Falls,,
1301,Great Falls,KRTV,755,0,Great Falls,,
1302,Greenwood - Greenville,WABG-TV,647,0,Greenwood-Greenville,,
1303,Greenwood - Greenville,WNBD-LD,647,0,Greenwood-Greenville,,
1304,Greenwood - Greenville,WABG-DT2,647,0,Greenwood-Greenville,,
1305,Greenwood - Greenville,WXVT-LD,647,0,Greenwood-Greenville,,
1306,Greenwood - Greenville,"""WBWD""",647,0,Greenwood-Greenville,,
1307,Parkersburg,WTAP-TV,597,0,Parkersburg,,
1308,Parkersburg,WOVA-LD,597,0,Parkersburg,,
1309,Parkersburg,WIYE-LD,597,0,Parkersburg,,
1310,Eureka,KAEF,802,0,Eureka,,
1311,Eureka,KIEM-TV,802,0,Eureka,,
1312,Eureka,KBVU,802,1,Eureka,2017,
1313,Eureka,KJRW,802,0,Eureka,,
1314,Eureka,KECA-LD,802,1,Eureka,2017,
1315,San Angelo,KTXE-LD,661,1,San Angelo,2017,
1316,San Angelo,KSAN-TV,661,0,San Angelo,,
1317,San Angelo,KIDY,661,0,San Angelo,,
1318,San Angelo,KLST,661,0,San Angelo,,
1319,"Cheyenne - Scottsbluff, NE",KNEP KKTQ-LD,759,0,Cheyenne-Scottsbluff,,
1320,"Cheyenne - Scottsbluff, NE",KNEP-DT2 KCHY-LP,759,0,Cheyenne-Scottsbluff,,
1321,"Cheyenne - Scottsbluff, NE",KWYM-LP,759,0,Cheyenne-Scottsbluff,,
1322,"Cheyenne - Scottsbluff, NE",KLWY,759,0,Cheyenne-Scottsbluff,,
1323,"Cheyenne - Scottsbluff, NE",KGWN-TV,759,0,Cheyenne-Scottsbluff,,
1324,"Cheyenne - Scottsbluff, NE",KSTF,759,0,Cheyenne-Scottsbluff,,
1325,Casper - Riverton,KTWO-TV,767,0,Casper-Riverton,,
1326,Casper - Riverton,KCWY-DT,767,0,Casper-Riverton,,
1327,Casper - Riverton,KSWY-LP,767,0,Casper-Riverton,,
1328,Casper - Riverton,KFNB,767,0,Casper-Riverton,,
1329,Casper - Riverton,KFNE,767,0,Casper-Riverton,,
1330,Casper - Riverton,KFNR,767,0,Casper-Riverton,,
1331,Casper - Riverton,KGWC-TV,767,0,Casper-Riverton,,
1332,Casper - Riverton,KGWL-TV,767,0,Casper-Riverton,,
1333,Casper - Riverton,KGWR-TV,767,0,Casper-Riverton,,
1334,Casper - Riverton,KWYF-LD,767,0,Casper-Riverton,,
1335,Mankato,KEYC-DT2,737,0,Mankato,,
1336,Mankato,KEYC-TV,737,0,Mankato,,
1337,Mankato,"""KWYE""",737,0,Mankato,,
1338,Ottumwa - Kirksville,KTVO,631,1,Ottumwa-Kirksville,2013,
1339,Ottumwa - Kirksville,KYOU-DT2,631,0,Ottumwa-Kirksville,,
1340,Ottumwa - Kirksville,KYOU-TV,631,0,Ottumwa-Kirksville,,
1341,Ottumwa - Kirksville,KTVO-DT2,631,0,Ottumwa-Kirksville,,
1342,Ottumwa - Kirksville,"""KWOT""",631,0,Ottumwa-Kirksville,,
1343,St. Joseph,KQTV,638,0,St. Joseph,,
1344,St. Joseph,KNPG-LD,638,0,St. Joseph,,
1345,St. Joseph,KNPN-LD,638,0,St. Joseph,,
1346,St. Joseph,KCJO-LD,638,0,St. Joseph,,
1347,Fairbanks,KATN,745,0,Fairbanks,,
1348,Fairbanks,KTVF,745,0,Fairbanks,,
1349,Fairbanks,KATN-DT2,745,0,Fairbanks,,
1350,Fairbanks,KXDF-CD,745,0,Fairbanks,,
1351,Fairbanks,KFXF-LD,745,0,Fairbanks,,
1352,Victoria,KAVU-TV,626,0,Victoria,,
1353,Victoria,KMOL-LD,626,0,Victoria,,
1354,Victoria,KVCT,626,0,Victoria,,
1355,Victoria,KXTS-LD,626,0,Victoria,,
1356,Victoria,KUNU-LD,626,0,Victoria,,
1357,Victoria,KVTX-LP,626,0,Victoria,,
1358,Victoria,"""KWVB""",626,0,Victoria,,
1359,Zanesville,WHIZ-TV,596,0,Zanesville,,
1360,Zanesville,"""Zanesville CW 13""",596,0,Zanesville,,
1361,Helena,KHBB-LD,766,0,Helena,,
1362,Helena,KTVH-DT,766,0,Helena,,
1363,Helena,KHBB-LD2,766,0,Helena,,
1364,Helena,KXLH-LD,766,0,Helena,,
1365,Presque Isle,WAGM-DT2,552,0,Presque Isle,,
1366,Presque Isle,WAGM-TV,552,0,Presque Isle,,
1367,Presque Isle,"""WBPQ""",552,0,Presque Isle,,
1368,Juneau,KJUD,747,0,Juneau,,
1369,Juneau,KATH-LD,747,0,Juneau,,
1370,Juneau,KSCT-LP,747,0,Juneau,,
1371,Juneau,KJUD-DT2,747,0,Juneau,,
1372,Juneau,KXLJ-LD,747,0,Juneau,,
1373,Alpena,WBKB-DT3,583,0,Alpena,,
1374,Alpena,WBKB-DT2,583,0,Alpena,,
1375,Alpena,WBKB-TV,583,0,Alpena,,
1376,Alpena,"""WBAE""",583,0,Alpena,,
1377,North Platte,KHGI-CD,740,1,North Platte,2016,
1378,North Platte,KNOP-TV,740,0,North Platte,,
1379,North Platte,KIIT-CD,740,0,North Platte,,
1380,North Platte,KNPL-LD,740,0,North Platte,,
1381,North Platte,"""KWPL""",740,0,North Platte,,
1382,Glendive,KXGN-DT2,798,0,Glendive,,
1383,Glendive,KXGN-TV,798,0,Glendive,,
1384,Glendive,"""KWZB""",798,0,Glendive,,
